DATE,OPEN,HIGH,LOW,CLOSE,ADJ CLOSE,VOLUME,
"Jan 30, 2026",191.21,194.49,189.47,191.13,191.13,"17,89,36,900",
"Jan 29, 2026",191.34,193.48,186.06,192.51,192.51,"17,17,64,400",
"Jan 28, 2026",191.27,192.35,189.84,191.52,191.52,"14,85,52,700",
"Jan 27, 2026",187.24,190,185.7,188.52,188.52,"14,37,11,600",
"Jan 26, 2026",187.16,189.12,185.99,186.47,186.47,"12,47,99,600",
"Jan 23, 2026",187.5,189.6,186.82,187.67,187.67,"14,27,48,100",
"Jan 22, 2026",184.75,186.17,183.93,184.84,184.84,"13,96,36,600",
"Jan 21, 2026",179.05,185.38,178.4,183.32,183.32,"20,03,81,000",
"Jan 20, 2026",181.9,182.38,177.61,178.07,178.07,"22,33,45,300",
"Jan 16, 2026",189.08,190.44,186.08,186.23,186.23,"18,79,67,200",
"Jan 15, 2026",186.5,189.7,186.33,187.05,187.05,"20,61,88,600",
"Jan 14, 2026",184.32,184.46,180.8,183.14,183.14,"15,95,86,100",
"Jan 13, 2026",185,188.11,183.4,185.81,185.81,"16,01,28,900",
"Jan 12, 2026",183.22,187.12,183.02,184.94,184.94,"13,79,68,500",
"Jan 9, 2026",185.08,186.34,183.67,184.86,184.86,"13,13,27,500",
"Jan 8, 2026",189.11,189.55,183.71,185.04,185.04,"17,24,57,000",
"Jan 7, 2026",188.57,191.37,186.56,189.11,189.11,"15,35,43,200",
"Jan 6, 2026",190.52,192.17,186.82,187.24,187.24,"17,68,62,600",
"Jan 5, 2026",191.76,193.63,186.15,188.12,188.12,"18,35,29,700",
"Jan 2, 2026",189.84,192.93,188.26,188.85,188.85,"14,82,40,500",
"Dec 31, 2025",189.57,190.56,186.49,186.5,186.5,"12,01,00,500",
"Dec 30, 2025",188.24,188.99,186.93,187.54,187.54,"9,76,87,300",
"Dec 29, 2025",187.71,188.76,185.91,188.22,188.22,"12,00,06,100",
"Dec 26, 2025",189.92,192.69,188,190.53,190.53,"13,97,40,300",
"Dec 24, 2025",187.94,188.91,186.59,188.61,188.61,"6,55,28,500",
"Dec 23, 2025",182.97,189.33,182.9,189.21,189.21,"17,48,73,600",
"Dec 22, 2025",183.92,184.16,182.35,183.69,183.69,"12,90,64,400",
"Dec 19, 2025",176.67,181.45,176.34,180.99,180.99,"32,49,25,900",
"Dec 18, 2025",174.53,176.15,171.82,174.14,174.14,"17,60,96,000",
"Dec 17, 2025",176.1,176.13,170.31,170.94,170.94,"22,27,75,500",
"Dec 16, 2025",176.26,178.49,174.9,177.72,177.72,"14,85,88,100",
"Dec 15, 2025",177.94,178.42,175.03,176.29,176.29,"16,47,75,600",
"Dec 12, 2025",181.11,182.82,174.62,175.02,175.02,"20,42,74,900",
"Dec 11, 2025",180.28,181.32,176.62,180.93,180.93,"18,21,36,600",
"Dec 10, 2025",184.97,185.48,182.04,183.78,183.78,"16,27,85,400",
"Dec 9, 2025",185.56,185.72,183.32,184.97,184.97,"14,47,19,700",
"Dec 8, 2025",182.64,188,182.4,185.55,185.55,"20,43,78,100",
"Dec 5, 2025",183.89,184.66,180.91,182.41,182.41,"14,39,71,100",
"Dec 4, 2025",0.01,,,,,,
"Dec 4, 2025",181.62,184.52,179.96,183.38,183.38,"16,73,64,900",
"Dec 3, 2025",181.08,182.45,179.11,179.59,179.58,"16,51,38,000",
"Dec 2, 2025",181.76,185.66,180,181.46,181.45,"18,26,32,200",
"Dec 1, 2025",174.76,180.3,173.68,179.92,179.91,"18,81,31,000",
"Nov 28, 2025",179.01,179.29,176.5,177,176.99,"12,13,32,800",
"Nov 26, 2025",181.63,182.91,178.24,180.26,180.25,"18,38,52,000",
"Nov 25, 2025",174.91,178.16,169.55,177.82,177.81,"32,06,00,300",
"Nov 24, 2025",179.49,183.5,176.48,182.55,182.54,"25,66,18,300",
"Nov 21, 2025",181.24,184.56,172.93,178.88,178.87,"34,69,26,200",
"Nov 20, 2025",195.95,196,179.85,180.64,180.63,"34,35,04,800",
"Nov 19, 2025",184.79,187.86,182.83,186.52,186.51,"24,72,46,400",
"Nov 18, 2025",183.38,184.8,179.65,181.36,181.35,"21,35,98,900",
"Nov 17, 2025",185.97,189,184.32,186.6,186.59,"17,36,28,900",
"Nov 14, 2025",182.86,191.01,180.58,190.17,190.16,"18,65,91,900",
"Nov 13, 2025",191.05,191.44,183.85,186.86,186.85,"20,74,23,100",
"Nov 12, 2025",195.72,195.89,191.13,193.8,193.79,"15,49,35,300",
"Nov 11, 2025",195.16,195.42,191.3,193.16,193.15,"17,64,83,300",
"Nov 10, 2025",195.11,199.94,193.79,199.05,199.04,"19,88,97,100",
"Nov 7, 2025",184.9,188.32,178.91,188.15,188.14,"26,49,42,300",
"Nov 6, 2025",196.42,197.62,186.38,188.08,188.07,"22,30,29,800",
"Nov 5, 2025",198.77,202.92,194.65,195.21,195.2,"17,13,50,300",
"Nov 4, 2025",203,203.97,197.93,198.69,198.68,"18,89,19,300",
"Nov 3, 2025",208.08,211.34,205.56,206.88,206.87,"18,02,67,300",
"Oct 31, 2025",206.45,207.97,202.07,202.49,202.48,"17,98,02,200",
"Oct 30, 2025",205.15,206.16,201.41,202.89,202.88,"17,88,64,400",
"Oct 29, 2025",207.98,212.19,204.78,207.04,207.03,"30,88,29,600",
"Oct 28, 2025",193.05,203.15,191.91,201.03,201.02,"29,79,86,200",
"Oct 27, 2025",189.99,192,188.43,191.49,191.48,"15,34,52,700",
"Oct 24, 2025",183.84,187.47,183.5,186.26,186.25,"13,12,96,700",
"Oct 23, 2025",180.42,183.03,179.79,182.16,182.15,"11,13,63,700",
"Oct 22, 2025",181.14,183.44,176.76,180.28,180.27,"16,22,49,600",
"Oct 21, 2025",182.79,182.79,179.8,181.16,181.15,"12,42,40,200",
"Oct 20, 2025",183.13,185.2,181.73,182.64,182.63,"12,85,44,700",
"Oct 17, 2025",180.18,184.1,179.75,183.22,183.21,"17,31,35,200",
"Oct 16, 2025",182.23,183.28,179.77,181.81,181.8,"17,97,23,300",
"Oct 15, 2025",184.8,184.87,177.29,179.83,179.82,"21,44,50,500",
"Oct 14, 2025",184.77,184.8,179.7,180.03,180.02,"20,56,41,400",
"Oct 13, 2025",187.97,190.11,185.96,188.32,188.31,"15,34,82,800",
"Oct 10, 2025",193.51,195.62,182.05,183.16,183.15,"26,87,74,400",
"Oct 9, 2025",192.23,195.3,191.06,192.57,192.56,"18,29,97,200",
"Oct 8, 2025",186.57,189.6,186.54,189.11,189.1,"13,01,68,900",
"Oct 7, 2025",186.23,189.06,184,185.04,185.03,"14,00,88,000",
"Oct 6, 2025",185.5,187.23,183.33,185.54,185.53,"15,76,78,100",
"Oct 3, 2025",189.19,190.36,185.38,187.62,187.61,"13,75,96,900",
"Oct 2, 2025",189.6,191.05,188.06,188.89,188.88,"13,68,05,800",
"Oct 1, 2025",185.24,188.14,183.9,187.24,187.23,"17,38,44,900",
"Sep 30, 2025",182.08,187.35,181.48,186.58,186.57,"23,69,81,000",
"Sep 29, 2025",180.43,184,180.32,181.85,181.84,"19,30,63,500",
"Sep 26, 2025",178.17,179.77,174.93,178.19,178.18,"14,85,73,700",
"Sep 25, 2025",174.48,180.26,173.13,177.69,177.68,"19,15,86,700",
"Sep 24, 2025",179.77,179.78,175.4,176.97,176.96,"14,35,64,100",
"Sep 23, 2025",181.97,182.42,176.21,178.43,178.42,"19,25,59,600",
"Sep 22, 2025",175.3,184.55,174.71,183.61,183.6,"26,96,37,000",
"Sep 19, 2025",175.77,178.08,175.18,176.67,176.66,"23,71,82,100",
"Sep 18, 2025",173.98,177.1,172.96,176.24,176.23,"19,17,63,300",
"Sep 17, 2025",172.64,173.2,168.41,170.29,170.28,"21,18,43,800",
"Sep 16, 2025",177,177.5,174.38,174.88,174.87,"14,07,37,800",
"Sep 15, 2025",175.67,178.85,174.51,177.75,177.74,"14,70,61,600",
"Sep 12, 2025",177.77,178.6,176.45,177.82,177.81,"12,49,11,000",
"Sep 11, 2025",0.01,,,,,,
"Sep 11, 2025",179.68,180.28,176.48,177.17,177.16,"15,11,59,300",
"Sep 10, 2025",176.64,179.29,175.47,177.33,177.31,"22,68,52,000",
"Sep 9, 2025",169.09,170.98,166.74,170.76,170.74,"15,75,48,400",
"Sep 8, 2025",167.55,170.96,167.35,168.31,168.29,"16,37,69,100",
"Sep 5, 2025",168.03,169.03,164.07,167.02,167,"22,44,41,400",
"Sep 4, 2025",170.57,171.86,169.41,171.66,171.64,"14,16,70,100",
"Sep 3, 2025",171.06,172.41,168.88,170.62,170.6,"16,44,24,900",
"Sep 2, 2025",170,172.38,167.22,170.78,170.76,"23,11,64,900",
"Aug 29, 2025",178.11,178.15,173.15,174.18,174.16,"24,32,57,900",
"Aug 28, 2025",180.82,184.47,176.41,180.17,180.15,"28,17,87,800",
"Aug 27, 2025",181.98,182.49,179.1,181.6,181.58,"23,55,18,900",
"Aug 26, 2025",180.06,182.39,178.81,181.77,181.75,"16,86,88,200",
"Aug 25, 2025",178.35,181.91,176.57,179.81,179.79,"16,30,12,800",
"Aug 22, 2025",172.61,178.59,171.2,177.99,177.97,"17,27,89,400",
"Aug 21, 2025",174.85,176.9,173.81,174.98,174.96,"14,00,40,900",
"Aug 20, 2025",175.17,176,168.8,175.4,175.38,"21,51,42,700",
"Aug 19, 2025",182.43,182.5,175.49,175.64,175.62,"18,52,29,200",
"Aug 18, 2025",180.6,182.94,180.59,182.01,181.99,"13,20,08,000",
"Aug 15, 2025",181.88,181.9,178.04,180.45,180.43,"15,66,02,200",
"Aug 14, 2025",179.75,183.02,179.46,182.02,182,"12,95,54,000",
"Aug 13, 2025",182.62,183.97,179.35,181.59,181.57,"17,98,71,700",
"Aug 12, 2025",182.96,184.48,179.46,183.16,183.14,"14,54,85,700",
"Aug 11, 2025",182.05,183.84,180.25,182.06,182.04,"13,83,23,200",
"Aug 8, 2025",181.55,183.3,180.4,182.7,182.68,"12,33,96,700",
"Aug 7, 2025",181.57,183.88,178.8,180.77,180.75,"15,18,78,400",
"Aug 6, 2025",176.33,179.9,176.25,179.42,179.4,"13,71,92,300",
"Aug 5, 2025",179.62,180.26,175.9,178.26,178.24,"15,64,07,600",
"Aug 4, 2025",175.16,180.2,174.52,180,179.98,"14,81,74,600",
"Aug 1, 2025",174.09,176.54,170.89,173.72,173.7,"20,45,29,000",
"Jul 31, 2025",182.9,183.3,175.93,177.87,177.85,"22,16,85,400",
"Jul 30, 2025",176.51,179.89,176.04,179.27,179.25,"17,43,12,200",
"Jul 29, 2025",177.96,179.38,175.02,175.51,175.49,"15,40,77,500",
"Jul 28, 2025",174.02,177,173.97,176.75,176.73,"14,00,23,500",
"Jul 25, 2025",173.61,174.72,172.96,173.5,173.48,"12,23,16,800",
"Jul 24, 2025",172.44,173.83,171.3,173.74,173.72,"12,89,84,600",
"Jul 23, 2025",169.53,171.26,167.97,170.78,170.76,"15,40,82,200",
"Jul 22, 2025",171.34,171.39,164.58,167.03,167.01,"19,31,14,300",
"Jul 21, 2025",172.75,173.38,171,171.38,171.36,"12,31,26,100",
"Jul 18, 2025",173.64,174.25,171.26,172.41,172.39,"14,64,56,400",
"Jul 17, 2025",172.02,174.16,170.83,173,172.98,"16,08,41,100",
"Jul 16, 2025",171.06,171.75,168.9,171.37,171.35,"15,88,31,500",
"Jul 15, 2025",171.19,172.4,169.2,170.7,170.68,"23,06,27,400",
"Jul 14, 2025",165.37,165.49,162.02,164.07,164.05,"13,69,75,800",
"Jul 11, 2025",163.72,167.89,163.47,164.92,164.9,"19,36,33,300",
"Jul 10, 2025",164.32,164.5,161.61,164.1,164.08,"16,77,04,100",
"Jul 9, 2025",161.22,164.42,161.16,162.88,162.86,"18,36,56,400",
"Jul 8, 2025",159.33,160.22,158.39,160,159.98,"13,81,33,000",
"Jul 7, 2025",158.2,159.31,157.34,158.24,158.22,"14,01,39,000",
"Jul 3, 2025",158.37,160.98,157.77,159.34,159.32,"14,37,16,100",
"Jul 2, 2025",152.98,157.6,152.97,157.25,157.23,"17,12,24,100",
"Jul 1, 2025",156.29,157.2,151.49,153.3,153.28,"21,31,43,600",
"Jun 30, 2025",158.4,158.66,155.96,157.99,157.97,"19,45,80,300",
"Jun 27, 2025",156.04,158.71,155.26,157.75,157.73,"26,32,34,500",
"Jun 26, 2025",155.98,156.72,154,155.02,155,"19,81,45,700",
"Jun 25, 2025",149.27,154.45,149.26,154.31,154.29,"26,91,46,500",
"Jun 24, 2025",145.56,147.96,145.5,147.9,147.88,"18,75,66,100",
"Jun 23, 2025",142.5,144.78,142.03,144.17,144.15,"15,43,08,900",
"Jun 20, 2025",145.45,146.2,142.65,143.85,143.83,"24,29,56,200",
"Jun 18, 2025",144.01,145.65,143.12,145.48,145.46,"16,14,94,100",
"Jun 17, 2025",144.49,145.22,143.78,144.12,144.1,"13,91,08,000",
"Jun 16, 2025",143.35,146.18,143.2,144.69,144.67,"18,31,33,700",
"Jun 13, 2025",142.48,143.58,140.85,141.97,141.95,"18,08,20,600",
"Jun 12, 2025",141.97,145,141.85,145,144.98,"16,23,65,000",
"Jun 11, 2025",0.01,,,,,,
"Jun 11, 2025",144.61,144.99,141.87,142.83,142.81,"16,76,94,000",
"Jun 10, 2025",142.69,144.29,141.53,143.96,143.93,"15,58,81,900",
"Jun 9, 2025",143.19,145,141.94,142.63,142.6,"18,51,14,500",
"Jun 6, 2025",142.51,143.27,141.51,141.72,141.69,"15,39,86,200",
"Jun 5, 2025",142.17,144,138.83,139.99,139.96,"23,13,97,900",
"Jun 4, 2025",142.19,142.39,139.54,141.92,141.89,"16,71,20,800",
"Jun 3, 2025",138.78,142,137.95,141.22,141.19,"22,55,78,800",
"Jun 2, 2025",135.49,138.12,135.4,137.38,137.36,"19,76,63,100",
"May 30, 2025",138.72,139.62,132.92,135.13,135.11,"33,31,70,900",
"May 29, 2025",142.25,143.49,137.91,139.19,139.16,"36,92,41,900",
"May 28, 2025",136.03,137.25,134.79,134.81,134.79,"30,40,21,100",
"May 27, 2025",134.15,135.66,133.31,135.5,135.48,"19,29,53,600",
"May 23, 2025",130,132.68,129.16,131.29,131.27,"19,88,21,300",
"May 22, 2025",132.23,134.25,131.55,132.83,132.81,"18,73,44,000",
"May 21, 2025",133.06,137.4,130.59,131.8,131.78,"27,06,08,700",
"May 20, 2025",134.29,134.58,132.62,134.38,134.36,"16,15,14,200",
"May 19, 2025",132.39,135.87,132.39,135.57,135.55,"19,31,54,600",
"May 16, 2025",136.22,136.35,133.46,135.4,135.38,"22,65,42,500",
"May 15, 2025",134.29,136.3,132.66,134.83,134.81,"22,66,32,600",
"May 14, 2025",133.2,135.44,131.68,135.34,135.32,"28,11,80,800",
"May 13, 2025",124.98,131.22,124.47,129.93,129.91,"33,04,30,100",
"May 12, 2025",121.97,123,120.28,123,122.98,"22,50,23,300",
"May 9, 2025",117.35,118.23,115.21,116.65,116.63,"13,29,72,200",
"May 8, 2025",118.25,118.68,115.85,117.37,117.35,"19,84,28,100",
"May 7, 2025",113.05,117.68,112.28,117.06,117.04,"20,67,58,800",
"May 6, 2025",111.48,114.74,110.82,113.54,113.52,"15,85,25,600",
"May 5, 2025",112.91,114.67,112.66,113.82,113.8,"13,31,63,200",
"May 2, 2025",114.18,115.4,113.37,114.5,114.48,"19,01,94,800",
"May 1, 2025",113.08,114.94,111.3,111.61,111.59,"23,61,21,500",
"Apr 30, 2025",104.47,108.92,104.08,108.92,108.9,"23,50,44,600",
"Apr 29, 2025",107.67,110.2,107.44,109.02,109,"17,04,44,300",
"Apr 28, 2025",109.69,110.37,106.02,108.73,108.71,"20,77,08,500",
"Apr 25, 2025",106.85,111.92,105.73,111.01,110.99,"25,10,64,700",
"Apr 24, 2025",103.48,106.54,103.11,106.43,106.41,"22,08,15,000",
"Apr 23, 2025",104.52,104.8,102.02,102.71,102.69,"24,75,26,000",
"Apr 22, 2025",98.78,99.81,97.28,98.89,98.87,"24,10,04,800",
"Apr 21, 2025",98.77,99.44,95.04,96.91,96.89,"28,85,01,100",
"Apr 17, 2025",104.45,104.47,100.05,101.49,101.47,"29,25,17,500",
"Apr 16, 2025",104.55,106.79,100.45,104.49,104.47,"39,70,16,900",
"Apr 15, 2025",110.97,113.62,110.5,112.2,112.18,"22,89,66,900",
"Apr 14, 2025",114.11,114.29,109.07,110.71,110.69,"26,47,05,000",
"Apr 11, 2025",108.5,111.55,107.48,110.93,110.91,"31,34,17,300",
"Apr 10, 2025",109.37,110.86,99.15,107.57,107.55,"43,78,12,400",
"Apr 9, 2025",98.89,115.1,97.53,114.33,114.31,"61,29,18,300",
"Apr 8, 2025",103.81,105.85,94.46,96.3,96.28,"47,62,43,400",
"Apr 7, 2025",87.46,101.75,86.62,97.64,97.62,"61,10,41,300",
"Apr 4, 2025",98.91,100.13,92.11,94.31,94.29,"53,22,73,800",
"Apr 3, 2025",103.51,105.63,101.6,101.8,101.78,"33,87,69,400",
"Apr 2, 2025",107.29,111.98,106.79,110.42,110.4,"22,06,01,200",
"Apr 1, 2025",108.52,110.2,106.47,110.15,110.13,"22,26,14,000",
"Mar 31, 2025",105.13,110.96,103.65,108.38,108.36,"29,92,12,700",
"Mar 28, 2025",111.49,112.87,109.07,109.67,109.65,"22,98,72,500",
"Mar 27, 2025",111.35,114.45,110.66,111.43,111.41,"23,69,02,100",
"Mar 26, 2025",118.73,118.84,112.71,113.76,113.74,"29,34,63,300",
"Mar 25, 2025",120.55,121.29,118.92,120.69,120.67,"16,74,47,200",
"Mar 24, 2025",119.88,122.22,119.34,121.41,121.39,"22,84,52,500",
"Mar 21, 2025",116.94,117.99,115.42,117.7,117.68,"26,64,98,500",
"Mar 20, 2025",116.55,120.2,116.47,118.53,118.51,"24,88,29,700",
"Mar 19, 2025",117.27,120.45,115.68,117.52,117.5,"27,34,26,200",
"Mar 18, 2025",118,119.02,114.54,115.43,115.41,"29,96,86,900",
"Mar 17, 2025",122.74,122.89,118.03,119.53,119.51,"25,55,01,500",
"Mar 14, 2025",118.61,121.88,118.15,121.67,121.65,"27,75,93,500",
"Mar 13, 2025",117.03,117.76,113.79,115.58,115.56,"29,90,33,100",
"Mar 12, 2025",0.01,,,,,,
"Mar 12, 2025",114.12,116.76,112.88,115.74,115.72,"32,38,57,500",
"Mar 11, 2025",106.99,112.24,104.77,108.76,108.73,"35,48,65,700",
"Mar 10, 2025",109.9,111.85,105.46,106.98,106.95,"36,64,87,400",
"Mar 7, 2025",111.25,113.48,107.56,112.69,112.66,"34,17,55,500",
"Mar 6, 2025",113.53,115.35,110.22,110.57,110.54,"32,11,81,900",
"Mar 5, 2025",117.58,118.28,114.51,117.3,117.27,"28,43,37,900",
"Mar 4, 2025",110.65,119.31,110.11,115.99,115.96,"39,81,63,300",
"Mar 3, 2025",123.51,123.7,112.28,114.06,114.03,"41,13,81,400",
"Feb 28, 2025",118.02,125.09,116.4,124.92,124.89,"38,90,91,100",
"Feb 27, 2025",135,135.01,120.01,120.15,120.12,"44,31,75,800",
"Feb 26, 2025",129.99,133.73,128.49,131.28,131.24,"32,25,53,800",
"Feb 25, 2025",129.98,130.2,124.44,126.63,126.6,"27,14,28,700",
"Feb 24, 2025",136.56,138.59,130.08,130.28,130.24,"25,13,81,100",
"Feb 21, 2025",140.04,141.46,134.03,134.43,134.39,"22,82,17,600",
"Feb 20, 2025",140.03,140.66,136.79,140.11,140.07,"14,39,03,600",
"Feb 19, 2025",139.51,141.36,137.22,139.23,139.19,"16,75,36,000",
"Feb 18, 2025",141.27,143.44,137.93,139.4,139.36,"21,91,76,600",
"Feb 14, 2025",136.48,139.25,135.5,138.85,138.81,"19,54,79,600",
"Feb 13, 2025",131.56,136.5,131.17,135.29,135.25,"19,74,30,000",
"Feb 12, 2025",130.02,132.24,129.08,131.14,131.1,"16,02,78,600",
"Feb 11, 2025",132.58,134.48,131.02,132.8,132.76,"17,89,02,400",
"Feb 10, 2025",130.09,135,129.96,133.57,133.53,"21,69,89,100",
"Feb 7, 2025",129.22,130.37,125,129.84,129.8,"22,81,86,300",
"Feb 6, 2025",127.42,128.77,125.21,128.68,128.64,"25,14,83,600",
"Feb 5, 2025",121.76,125,120.76,124.83,124.8,"26,22,30,800",
"Feb 4, 2025",116.96,121.2,116.7,118.65,118.62,"25,65,50,000",
"Feb 3, 2025",114.75,118.57,113.01,116.66,116.63,"37,12,35,700",
"Jan 31, 2025",123.78,127.85,119.19,120.07,120.04,"38,81,61,100",
"Jan 30, 2025",123.1,125,118.1,124.65,124.62,"39,29,25,500",
"Jan 29, 2025",126.5,126.89,120.05,123.7,123.67,"46,71,20,600",
"Jan 28, 2025",121.81,129,116.25,128.99,128.95,"57,96,66,400",
"Jan 27, 2025",124.8,128.4,116.7,118.42,118.39,"81,88,30,900",
"Jan 24, 2025",148.37,148.97,141.88,142.62,142.58,"23,46,57,600",
"Jan 23, 2025",145.05,147.23,143.72,147.22,147.18,"15,59,15,500",
"Jan 22, 2025",144.66,147.79,143.67,147.07,147.03,"23,76,51,400",
"Jan 21, 2025",139.16,141.83,137.09,140.83,140.79,"19,77,49,000",
"Jan 17, 2025",136.69,138.5,135.46,137.71,137.67,"20,11,88,800",
"Jan 16, 2025",138.64,138.75,133.49,133.57,133.53,"20,92,35,600",
"Jan 15, 2025",133.65,136.45,131.29,136.24,136.2,"18,52,17,300",
"Jan 14, 2025",136.05,136.38,130.05,131.76,131.72,"19,55,90,500",
"Jan 13, 2025",129.99,133.49,129.51,133.23,133.19,"20,48,08,900",
"Jan 10, 2025",137.45,139.92,134.22,135.91,135.87,"20,76,02,500",
"Jan 8, 2025",142.58,143.95,137.56,140.11,140.07,"22,73,49,900",
"Jan 7, 2025",153.03,153.13,140.01,140.14,140.1,"35,17,82,200",
"Jan 6, 2025",148.59,152.16,147.82,149.43,149.39,"26,53,77,400",
"Jan 3, 2025",140.01,144.9,139.73,144.47,144.43,"22,93,22,500",
"Jan 2, 2025",136,138.88,134.63,138.31,138.27,"19,82,47,200",
"Dec 31, 2024",138.03,138.07,133.83,134.29,134.25,"15,56,59,200",
"Dec 30, 2024",134.83,140.27,134.02,137.49,137.45,"16,77,34,700",
"Dec 27, 2024",138.55,139.02,134.71,137.01,136.97,"17,05,82,600",
"Dec 26, 2024",139.7,140.85,137.73,139.93,139.89,"11,62,05,600",
"Dec 24, 2024",140,141.9,138.65,140.22,140.18,"10,51,57,000",
"Dec 23, 2024",136.28,139.79,135.12,139.67,139.63,"17,60,53,500",
"Dec 20, 2024",129.81,135.28,128.22,134.7,134.66,"30,65,28,600",
"Dec 19, 2024",131.76,134.03,129.55,130.68,130.64,"20,97,19,200",
"Dec 18, 2024",133.86,136.7,128.28,128.91,128.87,"27,74,44,500",
"Dec 17, 2024",129.09,131.59,126.86,130.39,130.35,"25,94,10,300",
"Dec 16, 2024",134.18,134.4,130.42,132,131.96,"23,79,51,100",
"Dec 13, 2024",138.94,139.6,132.54,134.25,134.21,"23,15,14,900",
"Dec 12, 2024",137.08,138.44,135.8,137.34,137.3,"15,92,11,400",
"Dec 11, 2024",137.36,140.17,135.21,139.31,139.27,"18,49,05,200",
"Dec 10, 2024",139.01,141.82,133.79,135.07,135.03,"21,00,20,900",
"Dec 9, 2024",138.97,139.95,137.13,138.81,138.77,"18,93,08,600",
"Dec 6, 2024",144.6,145.7,141.31,142.44,142.4,"18,85,05,600",
"Dec 5, 2024",0.01,,,,,,
"Dec 5, 2024",145.11,146.54,143.95,145.06,145.02,"17,26,21,200",
"Dec 4, 2024",142,145.79,140.29,145.14,145.09,"23,12,24,300",
"Dec 3, 2024",138.26,140.54,137.95,140.26,140.21,"16,44,14,000",
"Dec 2, 2024",138.83,140.45,137.82,138.63,138.58,"17,16,82,800",
"Nov 29, 2024",136.78,139.35,136.05,138.25,138.2,"14,18,63,200",
"Nov 27, 2024",135.01,137.22,131.8,135.34,135.29,"22,63,70,900",
"Nov 26, 2024",137.7,139.3,135.67,136.92,136.87,"19,02,87,700",
"Nov 25, 2024",141.99,142.05,135.82,136.02,135.97,"34,49,41,900",
"Nov 22, 2024",145.93,147.16,141.1,141.95,141.9,"23,64,06,200",
"Nov 21, 2024",149.35,152.89,140.7,146.67,146.62,"40,09,46,600",
"Nov 20, 2024",147.41,147.56,142.73,145.89,145.84,"30,98,71,700",
"Nov 19, 2024",141.32,147.13,140.99,147.01,146.96,"22,78,34,900",
"Nov 18, 2024",139.5,141.55,137.15,140.15,140.1,"22,12,05,300",
"Nov 15, 2024",144.87,145.24,140.08,141.98,141.93,"25,01,32,900",
"Nov 14, 2024",147.64,149,145.55,146.76,146.71,"19,44,63,300",
"Nov 13, 2024",149.07,149.33,145.9,146.27,146.22,"19,19,03,300",
"Nov 12, 2024",146.78,149.65,146.01,148.29,148.24,"19,86,34,700",
"Nov 11, 2024",148.68,148.85,143.57,145.26,145.21,"18,23,25,600",
"Nov 8, 2024",148.77,149.77,146.26,147.63,147.58,"17,56,65,800",
"Nov 7, 2024",146.39,148.93,146.17,148.88,148.83,"20,73,23,300",
"Nov 6, 2024",142.96,146.49,141.96,145.61,145.56,"24,20,43,900",
"Nov 5, 2024",137.45,140.37,137.33,139.91,139.86,"16,05,37,400",
"Nov 4, 2024",137.21,138.96,135.57,136.05,136,"18,75,28,200",
"Nov 1, 2024",134.7,137.31,134.57,135.4,135.35,"20,71,27,800",
"Oct 31, 2024",137.6,137.61,132.11,132.76,132.71,"27,00,39,600",
"Oct 30, 2024",139.54,140.33,136.81,139.34,139.29,"17,94,18,100",
"Oct 29, 2024",140.29,142.26,138.9,141.25,141.2,"15,75,93,600",
"Oct 28, 2024",143,143.14,140.05,140.52,140.47,"17,35,86,700",
"Oct 25, 2024",140.93,144.13,140.8,141.54,141.49,"20,51,22,100",
"Oct 24, 2024",140.82,141.35,138.46,140.41,140.36,"17,23,54,900",
"Oct 23, 2024",142.03,142.43,137.46,139.56,139.51,"28,59,30,000",
"Oct 22, 2024",142.91,144.42,141.78,143.59,143.54,"22,63,11,600",
"Oct 21, 2024",138.13,143.71,138,143.71,143.66,"26,45,54,500",
"Oct 18, 2024",138.67,138.9,137.28,138,137.95,"17,60,90,200",
"Oct 17, 2024",139.34,140.89,136.87,136.93,136.88,"30,64,35,900",
"Oct 16, 2024",133.98,136.62,131.58,135.72,135.67,"26,48,79,700",
"Oct 15, 2024",137.87,138.57,128.74,131.6,131.55,"37,78,31,000",
"Oct 14, 2024",136.47,139.6,136.3,138.07,138.02,"23,23,47,700",
"Oct 11, 2024",134.01,135.78,133.66,134.8,134.75,"17,02,09,500",
"Oct 10, 2024",131.91,135,131,134.81,134.76,"24,23,11,300",
"Oct 9, 2024",134.11,134.52,131.38,132.65,132.6,"24,61,91,600",
"Oct 8, 2024",130.26,133.48,129.42,132.89,132.84,"28,57,22,500",
"Oct 7, 2024",124.99,130.64,124.95,127.72,127.68,"34,62,50,200",
"Oct 4, 2024",124.94,125.04,121.83,124.92,124.88,"24,36,78,100",
"Oct 3, 2024",120.92,124.36,120.34,122.85,122.81,"27,71,18,000",
"Oct 2, 2024",116.44,119.38,115.14,118.85,118.81,"22,18,45,900",
"Oct 1, 2024",121.77,122.44,115.79,117,116.96,"30,20,94,500",
"Sep 30, 2024",118.31,121.5,118.15,121.44,121.4,"22,65,53,700",
"Sep 27, 2024",123.97,124.03,119.26,121.4,121.36,"27,10,09,200",
"Sep 26, 2024",126.8,127.67,121.8,124.04,124,"30,25,82,900",
"Sep 25, 2024",122.02,124.94,121.61,123.51,123.47,"28,46,92,900",
"Sep 24, 2024",116.52,121.8,115.38,120.87,120.83,"35,49,66,800",
"Sep 23, 2024",116.55,116.99,114.86,116.26,116.22,"20,62,28,500",
"Sep 20, 2024",117.06,118.62,115.39,116,115.96,"38,24,62,400",
"Sep 19, 2024",117.35,119.66,117.25,117.87,117.83,"29,35,06,400",
"Sep 18, 2024",115.89,117.7,113.22,113.37,113.33,"31,03,18,900",
"Sep 17, 2024",118.17,118.8,114.83,115.59,115.55,"23,19,25,900",
"Sep 16, 2024",116.79,118.18,114.36,116.78,116.74,"24,87,72,300",
"Sep 13, 2024",119.08,119.96,117.6,119.1,119.06,"23,83,58,300",
"Sep 12, 2024",0.01,,,,,,
"Sep 12, 2024",116.84,120.79,115.38,119.14,119.1,"36,60,52,700",
"Sep 11, 2024",109.39,117.19,107.42,116.91,116.86,"44,14,22,400",
"Sep 10, 2024",107.81,109.4,104.95,108.1,108.05,"26,82,83,700",
"Sep 9, 2024",104.88,106.55,103.69,106.47,106.42,"27,39,12,000",
"Sep 6, 2024",108.04,108.15,100.95,102.83,102.79,"41,36,38,100",
"Sep 5, 2024",104.99,109.65,104.76,107.21,107.16,"30,68,50,700",
"Sep 4, 2024",105.41,113.27,104.12,106.21,106.16,"37,24,70,300",
"Sep 3, 2024",116.01,116.21,107.29,108,107.95,"47,71,55,100",
"Aug 30, 2024",119.53,121.75,117.22,119.37,119.32,"33,37,51,600",
"Aug 29, 2024",121.36,124.43,116.71,117.59,117.54,"45,30,23,300",
"Aug 28, 2024",128.12,128.33,122.64,125.61,125.56,"44,81,01,100",
"Aug 27, 2024",125.05,129.2,123.88,128.3,128.25,"30,31,34,600",
"Aug 26, 2024",129.57,131.26,124.37,126.46,126.41,"33,19,64,700",
"Aug 23, 2024",125.86,129.6,125.22,129.37,129.31,"32,32,30,300",
"Aug 22, 2024",130.02,130.75,123.1,123.74,123.69,"37,61,89,100",
"Aug 21, 2024",127.32,129.35,126.66,128.5,128.45,"25,78,83,600",
"Aug 20, 2024",128.4,129.88,125.89,127.25,127.2,"30,00,87,400",
"Aug 19, 2024",124.28,130,123.42,130,129.94,"31,83,33,600",
"Aug 16, 2024",121.94,125,121.18,124.58,124.53,"30,25,89,900",
"Aug 15, 2024",118.76,123.24,117.47,122.86,122.81,"31,80,86,700",
"Aug 14, 2024",118.53,118.6,114.07,118.08,118.03,"33,92,46,400",
"Aug 13, 2024",112.44,116.23,111.58,116.14,116.09,"31,26,46,700",
"Aug 12, 2024",106.32,111.07,106.26,109.02,108.97,"32,55,59,900",
"Aug 9, 2024",105.64,106.6,103.43,104.75,104.71,"29,08,44,200",
"Aug 8, 2024",102,105.5,97.52,104.97,104.93,"39,19,10,000",
"Aug 7, 2024",107.81,108.8,98.69,98.91,98.87,"41,14,40,400",
"Aug 6, 2024",103.84,107.71,100.55,104.25,104.21,"40,90,12,100",
"Aug 5, 2024",92.06,103.41,90.69,100.45,100.41,"55,28,42,400",
"Aug 2, 2024",103.76,108.72,101.37,107.27,107.22,"48,20,27,500",
"Aug 1, 2024",117.53,120.16,106.81,109.21,109.16,"52,34,62,300",
"Jul 31, 2024",112.9,118.34,110.88,117.02,116.97,"47,31,74,200",
"Jul 30, 2024",111.52,111.99,102.54,103.73,103.69,"48,68,33,300",
"Jul 29, 2024",113.69,116.28,111.3,111.59,111.54,"24,81,52,100",
"Jul 26, 2024",116.19,116.2,111.58,113.06,113.01,"29,33,99,100",
"Jul 25, 2024",113.04,116.63,106.3,112.28,112.23,"46,00,67,000",
"Jul 24, 2024",119.17,119.95,113.44,114.25,114.2,"32,77,76,900",
"Jul 23, 2024",122.78,124.69,122.1,122.59,122.54,"17,39,11,000",
"Jul 22, 2024",120.35,124.07,119.86,123.54,123.49,"25,80,68,900",
"Jul 19, 2024",120.35,121.6,117.37,117.93,117.88,"21,72,23,800",
"Jul 18, 2024",121.85,122.4,116.56,121.09,121.04,"32,09,79,500",
"Jul 17, 2024",121.35,121.85,116.72,117.99,117.94,"39,00,86,200",
"Jul 16, 2024",128.44,129.04,124.58,126.36,126.31,"21,47,69,500",
"Jul 15, 2024",130.56,131.39,127.18,128.44,128.39,"20,83,26,200",
"Jul 12, 2024",128.26,131.92,127.22,129.24,129.18,"25,26,80,500",
"Jul 11, 2024",135.75,136.15,127.05,127.4,127.35,"37,47,82,700",
"Jul 10, 2024",134.03,135.1,132.42,134.91,134.85,"24,89,78,600",
"Jul 9, 2024",130.35,133.82,128.65,131.38,131.32,"28,53,66,600",
"Jul 8, 2024",127.49,130.77,127.04,128.2,128.15,"23,76,77,300",
"Jul 5, 2024",127.38,128.85,125.68,125.83,125.78,"21,41,76,700",
"Jul 3, 2024",121.66,128.28,121.36,128.28,128.23,"21,57,49,000",
"Jul 2, 2024",121.13,123.41,121.03,122.67,122.62,"21,83,74,000",
"Jul 1, 2024",123.47,124.84,118.83,124.3,124.25,"28,48,85,500",
"Jun 28, 2024",124.58,127.71,122.75,123.54,123.49,"31,55,16,700",
"Jun 27, 2024",124.1,126.41,122.92,123.99,123.94,"25,25,71,700",
"Jun 26, 2024",126.13,128.12,122.6,126.4,126.35,"36,29,75,900",
"Jun 25, 2024",121.2,126.5,119.32,126.09,126.04,"41,41,92,600",
"Jun 24, 2024",123.24,124.46,118.04,118.11,118.06,"47,60,60,900",
"Jun 21, 2024",127.12,130.63,124.3,126.57,126.52,"64,94,45,800",
"Jun 20, 2024",139.8,140.76,129.52,130.78,130.72,"51,77,68,400",
"Jun 18, 2024",131.14,136.33,130.69,135.58,135.52,"29,43,35,100",
"Jun 17, 2024",132.99,133.73,129.58,130.98,130.92,"28,85,04,400",
"Jun 14, 2024",129.96,132.84,128.32,131.88,131.82,"30,93,20,400",
"Jun 13, 2024",129.39,129.8,127.16,129.61,129.55,"26,07,04,500",
"Jun 12, 2024",123.06,126.88,122.57,125.2,125.15,"29,95,95,000",
"Jun 11, 2024",0.01,,,,,,
"Jun 11, 2024",121.77,122.87,118.74,120.91,120.86,"22,25,51,200",
"Jun 10, 2024",10:01,,,,,,
"Jun 10, 2024",120.37,123.1,117.01,121.79,121.73,"31,34,34,100",
"Jun 7, 2024",119.77,121.69,118.02,120.89,120.83,"41,23,86,000",
"Jun 6, 2024",124.05,125.59,118.32,121,120.94,"66,46,96,000",
"Jun 5, 2024",118.37,122.45,117.47,122.44,122.38,"52,84,02,000",
"Jun 4, 2024",115.72,116.6,114.04,116.44,116.38,"40,33,24,000",
"Jun 3, 2024",113.62,115,112,115,114.94,"43,83,92,000",
"May 31, 2024",112.52,112.72,106.94,109.63,109.58,"61,32,63,000",
"May 30, 2024",114.65,115.82,109.66,110.5,110.44,"48,45,53,000",
"May 29, 2024",113.05,115.49,110.9,114.82,114.77,"55,74,42,000",
"May 28, 2024",110.24,114.94,109.88,113.9,113.84,"65,27,28,000",
"May 24, 2024",104.45,106.47,103,106.47,106.41,"42,94,94,000",
"May 23, 2024",102.03,106.32,101.52,103.8,103.75,"83,50,65,000",
"May 22, 2024",95.46,96.02,93.25,94.95,94.9,"54,86,48,000",
"May 21, 2024",93.6,95.4,93.18,95.39,95.34,"32,89,46,000",
"May 20, 2024",93.75,95.2,93.44,94.78,94.73,"31,87,64,000",
"May 17, 2024",94.37,94.74,91.81,92.48,92.43,"35,96,91,000",
"May 16, 2024",94.91,95.82,94.1,94.36,94.31,"32,39,52,000",
"May 15, 2024",92.47,94.86,91.6,94.63,94.58,"41,77,35,000",
"May 14, 2024",89.6,91.65,88.93,91.36,91.31,"29,65,07,000",
"May 13, 2024",90.48,91,88.53,90.4,90.35,"28,96,80,000",
"May 10, 2024",90.31,91.4,89.23,89.88,89.83,"33,53,25,000",
"May 9, 2024",90.53,91.07,88.23,88.75,88.7,"37,80,13,000",
"May 8, 2024",89.48,91.19,89.42,90.41,90.37,"32,57,21,000",
"May 7, 2024",91.1,91.78,89.01,90.55,90.51,"43,73,42,000",
"May 6, 2024",89.39,92.22,89.06,92.14,92.09,"37,62,03,000",
"May 3, 2024",87.79,89.28,87.04,88.79,88.74,"39,83,41,000",
"May 2, 2024",84.45,86.24,83.2,85.82,85.77,"37,78,98,000",
"May 1, 2024",85.08,86,81.25,83.04,83,"55,98,63,000",
"Apr 30, 2024",87.24,88.82,86.3,86.4,86.36,"36,37,09,000",
"Apr 29, 2024",87.6,87.99,85.27,87.76,87.71,"38,89,71,000",
"Apr 26, 2024",83.82,88.33,83.39,87.74,87.69,"55,10,11,000",
"Apr 25, 2024",78.87,83.32,78.22,82.63,82.59,"42,46,41,000",
"Apr 24, 2024",83.95,84.08,79.18,79.68,79.64,"51,22,08,000",
"Apr 23, 2024",80.77,82.77,80.26,82.42,82.38,"43,85,59,000",
"Apr 22, 2024",78.1,80.07,76.4,79.52,79.48,"59,63,41,000",
"Apr 19, 2024",83.15,84.32,75.61,76.2,76.16,"87,51,98,000",
"Apr 18, 2024",84.97,86.19,82.4,84.67,84.63,"44,72,60,000",
"Apr 17, 2024",88.34,88.78,83.95,84.04,83.99,"49,54,00,000",
"Apr 16, 2024",86.43,88.12,86.06,87.42,87.37,"37,04,53,000",
"Apr 15, 2024",89.1,90.61,85.93,86,85.96,"44,30,77,000",
"Apr 12, 2024",89.7,90.18,87.53,88.19,88.14,"42,68,05,000",
"Apr 11, 2024",87.42,90.74,86.93,90.62,90.57,"43,16,37,000",
"Apr 10, 2024",83.93,87.4,83.71,87.04,86.99,"43,19,29,000",
"Apr 9, 2024",87.44,87.64,83.02,85.35,85.31,"50,17,00,000",
"Apr 8, 2024",88.7,88.83,86.73,87.13,87.09,"28,32,20,000",
"Apr 5, 2024",86.87,88.48,85.93,88.01,87.96,"39,96,78,000",
"Apr 4, 2024",90.41,90.63,85.88,85.9,85.86,"43,49,65,000",
"Apr 3, 2024",88.48,90.37,88.4,88.96,88.92,"37,00,67,000",
"Apr 2, 2024",88.45,90.09,87.62,89.45,89.41,"43,30,64,000",
"Apr 1, 2024",90.3,92.22,89.2,90.36,90.32,"45,24,41,000",
"Mar 28, 2024",90,91.3,89.19,90.36,90.31,"43,52,12,000",
"Mar 27, 2024",93.11,93.24,89.12,90.25,90.2,"58,60,67,000",
"Mar 26, 2024",95.85,96.38,92.5,92.56,92.51,"51,36,48,000",
"Mar 25, 2024",93.94,96.77,93.51,95,94.95,"55,21,36,000",
"Mar 22, 2024",91.14,94.78,90.83,94.29,94.24,"58,67,19,000",
"Mar 21, 2024",92.3,92.65,90.4,91.43,91.39,"48,03,72,000",
"Mar 20, 2024",89.8,90.41,88.22,90.37,90.33,"47,90,63,000",
"Mar 19, 2024",86.7,90.54,85.01,89.4,89.35,"67,21,71,000",
"Mar 18, 2024",90.39,92.4,87.08,88.46,88.41,"66,89,76,000",
"Mar 15, 2024",86.93,89.55,86.26,87.84,87.79,"64,20,86,000",
"Mar 14, 2024",89.58,90.65,86.6,87.94,87.9,"60,23,18,000",
"Mar 13, 2024",91.06,91.5,88.43,90.89,90.84,"63,57,13,000",
"Mar 12, 2024",88.05,91.96,86.15,91.91,91.87,"66,80,75,000",
"Mar 11, 2024",86.43,88.8,84.17,85.77,85.73,"67,83,64,000",
"Mar 8, 2024",95.14,97.4,86.51,87.53,87.48,"1,14,22,69,000",
"Mar 7, 2024",90.16,92.77,89.6,92.67,92.62,"60,81,19,000",
"Mar 6, 2024",88.02,89.72,87.03,88.7,88.65,"58,25,20,000",
"Mar 5, 2024",0.004,,,,,,
"Mar 5, 2024",85.27,86.1,83.42,85.96,85.92,"52,06,39,000",
"Mar 4, 2024",84.13,87.69,83.72,85.24,85.19,"61,56,16,000",
"Mar 1, 2024",80,82.3,79.43,82.28,82.23,"47,91,35,000",
"Feb 29, 2024",79.09,79.99,78.35,79.11,79.07,"50,72,89,000",
"Feb 28, 2024",77.62,78.93,77.13,77.66,77.62,"39,31,10,000",
"Feb 27, 2024",79.38,79.48,77.16,78.7,78.66,"39,17,05,000",
"Feb 26, 2024",79.7,80.65,78.5,79.09,79.05,"50,39,73,000",
"Feb 23, 2024",80.79,82.39,77.57,78.82,78.77,"82,93,88,000",
"Feb 22, 2024",75.03,78.57,74.22,78.54,78.49,"86,51,00,000",
"Feb 21, 2024",68.01,68.89,66.25,67.47,67.43,"67,37,55,000",
"Feb 20, 2024",71.95,71.96,67.73,69.45,69.41,"70,48,33,000",
"Feb 16, 2024",74.1,74.4,72.5,72.61,72.57,"49,53,27,000",
"Feb 15, 2024",73.87,73.97,72.4,72.66,72.62,"42,01,22,000",
"Feb 14, 2024",73.2,74.24,71.94,73.9,73.86,"50,49,17,000",
"Feb 13, 2024",70.4,73.45,69.62,72.13,72.09,"60,25,80,000",
"Feb 12, 2024",72.6,74.61,71.25,72.25,72.21,"61,37,10,000",
"Feb 9, 2024",70.53,72.18,70.21,72.13,72.09,"43,66,37,000",
"Feb 8, 2024",70.07,70.79,69.46,69.64,69.6,"41,44,22,000",
"Feb 7, 2024",68.32,70.22,67.6,70.1,70.06,"49,55,75,000",
"Feb 6, 2024",69.63,69.75,66.3,68.22,68.19,"68,31,11,000",
"Feb 5, 2024",68.22,69.5,67.21,69.33,69.29,"68,00,78,000",
"Feb 2, 2024",63.97,66.6,63.69,66.16,66.12,"47,65,78,000",
"Feb 1, 2024",62.1,63.19,61.65,63.03,62.99,"36,91,46,000",
"Jan 31, 2024",61.44,62.27,60.7,61.53,61.49,"45,37,95,000",
"Jan 30, 2024",62.9,63.49,62.26,62.77,62.74,"41,07,35,000",
"Jan 29, 2024",61.23,62.49,60.91,62.47,62.43,"34,87,33,000",
"Jan 26, 2024",60.96,61.78,60.57,61.03,61,"39,03,09,000",
"Jan 25, 2024",62.35,62.72,60.85,61.62,61.58,"48,27,77,000",
"Jan 24, 2024",60.3,62.85,59.94,61.36,61.33,"56,02,71,000",
"Jan 23, 2024",59.57,59.91,58.58,59.87,59.84,"29,46,54,000",
"Jan 22, 2024",60.05,60.33,59.07,59.65,59.62,"45,29,55,000",
"Jan 19, 2024",57.99,59.5,57.22,59.49,59.46,"54,35,01,000",
"Jan 18, 2024",57.26,57.6,56.11,57.11,57.08,"49,16,50,000",
"Jan 17, 2024",56.35,56.47,54.74,56.05,56.02,"47,43,94,000",
"Jan 16, 2024",55.02,56.83,54.9,56.38,56.35,"44,95,80,000",
"Jan 12, 2024",54.62,54.97,54.33,54.71,54.68,"35,29,94,000",
"Jan 11, 2024",55,55.35,53.56,54.82,54.79,"59,67,59,000",
"Jan 10, 2024",53.62,54.6,53.49,54.35,54.32,"53,37,96,000",
"Jan 9, 2024",52.4,54.33,51.69,53.14,53.11,"77,31,00,000",
"Jan 8, 2024",49.51,52.28,49.48,52.25,52.22,"64,25,10,000",
"Jan 5, 2024",48.46,49.55,48.31,49.1,49.07,"41,50,39,000",
"Jan 4, 2024",47.77,48.5,47.51,48,47.97,"30,65,35,000",
"Jan 3, 2024",47.49,48.18,47.32,47.57,47.54,"32,08,96,000",
"Jan 2, 2024",49.24,49.29,47.6,48.17,48.14,"41,12,54,000",
"Dec 29, 2023",49.81,50,48.75,49.52,49.49,"38,92,93,000",
"Dec 28, 2023",49.64,49.88,49.41,49.52,49.49,"24,65,87,000",
"Dec 27, 2023",49.51,49.68,49.08,49.42,49.39,"23,36,48,000",
"Dec 26, 2023",48.97,49.6,48.96,49.28,49.25,"24,42,00,000",
"Dec 22, 2023",49.19,49.38,48.47,48.83,48.8,"25,25,07,000",
"Dec 21, 2023",48.81,49.1,48.42,48.99,48.96,"30,04,25,000",
"Dec 20, 2023",49.65,50,48.1,48.11,48.08,"39,78,94,000",
"Dec 19, 2023",49.42,49.7,48.9,49.6,49.58,"46,44,44,000",
"Dec 18, 2023",49.4,50.43,49.15,50.08,50.05,"41,25,87,000",
"Dec 15, 2023",48.19,49.4,48.12,48.89,48.86,"47,99,48,000",
"Dec 14, 2023",48.39,48.67,47.42,48.35,48.32,"39,12,32,000",
"Dec 13, 2023",47.63,48.59,47.61,48.09,48.06,"44,77,92,000",
"Dec 12, 2023",46.05,47.67,46.05,47.66,47.63,"37,23,87,000",
"Dec 11, 2023",47.49,47.53,45.83,46.63,46.6,"50,97,28,000",
"Dec 8, 2023",46.6,47.74,46.55,47.51,47.48,"35,92,24,000",
"Dec 7, 2023",45.7,46.63,45.6,46.6,46.57,"35,08,23,000",
"Dec 6, 2023",47.22,47.39,45.41,45.5,45.48,"38,05,90,000",
"Dec 5, 2023",0.004,,,,,,
"Dec 5, 2023",45.47,46.6,45.27,46.57,46.54,"37,17,18,000",
"Dec 4, 2023",46.08,46.08,45.01,45.51,45.48,"43,75,43,000",
"Dec 1, 2023",46.53,47.2,46.19,46.76,46.73,"36,93,17,000",
"Nov 30, 2023",48.02,48.11,46.42,46.77,46.74,"52,62,47,000",
"Nov 29, 2023",48.38,48.76,47.86,48.14,48.11,"38,20,05,000",
"Nov 28, 2023",48.24,48.32,47.47,47.82,47.79,"40,14,91,000",
"Nov 27, 2023",47.8,48.53,47.65,48.24,48.21,"39,56,62,000",
"Nov 24, 2023",48.47,48.92,47.74,47.78,47.75,"29,46,45,000",
"Nov 22, 2023",49.85,50.33,47.69,48.72,48.68,"89,94,20,000",
"Nov 21, 2023",50.13,50.52,49.22,49.94,49.91,"56,57,47,000",
"Nov 20, 2023",49.31,50.55,49.18,50.41,50.38,"41,41,20,000",
"Nov 17, 2023",49.52,49.72,49.01,49.3,49.27,"32,52,05,000",
"Nov 16, 2023",48.68,49.53,48.33,49.48,49.45,"33,97,56,000",
"Nov 15, 2023",49.94,49.96,48.2,48.89,48.86,"47,54,97,000",
"Nov 14, 2023",49.68,49.83,49.04,49.66,49.62,"41,69,54,000",
"Nov 13, 2023",48.32,49.12,48.1,48.62,48.59,"38,41,36,000",
"Nov 10, 2023",47.5,48.47,47.28,48.33,48.3,"42,12,45,000",
"Nov 9, 2023",47.47,48.23,46.75,46.95,46.92,"54,04,96,000",
"Nov 8, 2023",46.1,46.87,45.97,46.57,46.54,"34,67,19,000",
"Nov 7, 2023",45.72,46.22,45.16,45.96,45.93,"34,31,65,000",
"Nov 6, 2023",45.28,45.94,44.9,45.75,45.72,"40,07,33,000",
"Nov 3, 2023",44.02,45.31,43.72,45.01,44.98,"42,46,10,000",
"Nov 2, 2023",43.33,43.88,42.89,43.51,43.48,"40,91,72,000",
"Nov 1, 2023",40.88,42.38,40.87,42.33,42.3,"43,75,93,000",
"Oct 31, 2023",40.45,40.88,39.23,40.78,40.75,"51,79,69,000",
"Oct 30, 2023",41.09,41.77,40.48,41.16,41.13,"38,80,28,000",
"Oct 27, 2023",41.13,41.21,40.01,40.5,40.47,"41,67,84,000",
"Oct 26, 2023",41.85,42.26,39.88,40.33,40.3,"54,10,01,000",
"Oct 25, 2023",43.4,43.65,41.56,41.78,41.75,"39,83,79,000",
"Oct 24, 2023",43.08,43.7,42.69,43.66,43.63,"40,14,63,000",
"Oct 23, 2023",41.23,43.25,40.94,42.97,42.95,"47,85,30,000",
"Oct 20, 2023",41.89,42.47,41.08,41.39,41.36,"47,72,66,000",
"Oct 19, 2023",42.81,43.3,41.88,42.1,42.07,"50,12,33,000",
"Oct 18, 2023",42.59,43.22,41.83,42.2,42.17,"62,72,94,000",
"Oct 17, 2023",44,44.75,42.48,43.94,43.91,"81,23,33,000",
"Oct 16, 2023",45.06,46.22,44.91,46.1,46.07,"37,50,99,000",
"Oct 13, 2023",46.96,47.12,45.28,45.46,45.43,"47,41,15,000",
"Oct 12, 2023",46.78,47.61,46.33,46.94,46.91,"48,13,25,000",
"Oct 11, 2023",46.2,46.86,46.05,46.81,46.78,"37,81,37,000",
"Oct 10, 2023",45.31,46.26,45.09,45.8,45.77,"36,85,82,000",
"Oct 9, 2023",44.84,45.6,44.37,45.27,45.24,"40,96,75,000",
"Oct 6, 2023",44.19,45.79,44.03,45.76,45.73,"43,44,36,000",
"Oct 5, 2023",44.05,44.9,43.89,44.69,44.66,"39,34,83,000",
"Oct 4, 2023",43.74,44.14,43.29,44.04,44.01,"36,18,21,000",
"Oct 3, 2023",44.81,45.13,43.25,43.52,43.49,"47,08,50,000",
"Oct 2, 2023",44.03,45.17,43.86,44.78,44.75,"43,32,98,000",
"Sep 29, 2023",43.83,44.14,43.31,43.5,43.47,"39,78,30,000",
"Sep 28, 2023",42.46,43.45,42.12,43.09,43.06,"42,46,63,000",
"Sep 27, 2023",42.33,42.87,41.63,42.47,42.44,"44,49,35,000",
"Sep 26, 2023",42,42.82,41.65,41.91,41.88,"40,22,82,000",
"Sep 25, 2023",41.59,42.54,41.18,42.22,42.19,"41,90,91,000",
"Sep 22, 2023",41.57,42.12,41.23,41.61,41.58,"47,92,36,000",
"Sep 21, 2023",41.58,42.1,40.98,41.02,40.99,"45,07,36,000",
"Sep 20, 2023",43.6,43.9,42.22,42.24,42.21,"36,71,08,000",
"Sep 19, 2023",43.83,43.97,43,43.52,43.49,"37,30,64,000",
"Sep 18, 2023",42.75,44.24,42,43.97,43.94,"50,02,71,000",
"Sep 15, 2023",45.34,45.6,43.81,43.9,43.87,"50,68,31,000",
"Sep 14, 2023",45.95,45.99,45.13,45.58,45.55,"37,00,97,000",
"Sep 13, 2023",44.6,45.93,44.5,45.49,45.46,"39,83,55,000",
"Sep 12, 2023",44.74,45.67,44.53,44.87,44.84,"34,92,56,000",
"Sep 11, 2023",46.15,46.16,44.31,45.18,45.15,"47,39,66,000",
"Sep 8, 2023",45.94,46.61,45.27,45.57,45.54,"47,30,69,000",
"Sep 7, 2023",45.53,46.34,45.15,46.24,46.21,"43,33,30,000",
"Sep 6, 2023",0.004,,,,,,
"Sep 6, 2023",48.44,48.55,46.58,47.06,47.03,"46,86,70,000",
"Sep 5, 2023",48.22,48.85,47.86,48.55,48.51,"38,26,53,000",
"Sep 1, 2023",49.76,49.8,48.14,48.51,48.47,"46,38,30,000",
"Aug 31, 2023",49.38,49.74,48.96,49.35,49.32,"52,85,70,000",
"Aug 30, 2023",49.04,49.93,48.42,49.26,49.23,"73,52,06,000",
"Aug 29, 2023",46.67,49.08,46.39,48.78,48.75,"70,13,97,000",
"Aug 28, 2023",46.48,46.98,44.89,46.83,46.8,"68,51,92,000",
"Aug 25, 2023",47.01,47.81,45.02,46.02,45.98,"92,53,41,000",
"Aug 24, 2023",50.22,50.27,47.16,47.16,47.13,"1,15,60,44,000",
"Aug 23, 2023",45.87,47.2,45.21,47.12,47.08,"77,90,46,000",
"Aug 22, 2023",48.13,48.19,45.33,45.67,45.63,"75,52,93,000",
"Aug 21, 2023",44.49,47.06,44.22,46.97,46.93,"69,25,73,000",
"Aug 18, 2023",42.63,43.58,41.66,43.3,43.27,"58,37,68,000",
"Aug 17, 2023",43.97,44.06,43,43.34,43.31,"45,23,95,000",
"Aug 16, 2023",44.52,44.67,43.41,43.49,43.45,"52,74,51,000",
"Aug 15, 2023",44.56,45.27,43.71,43.94,43.91,"67,65,12,000",
"Aug 14, 2023",40.49,43.8,40.31,43.75,43.72,"69,02,86,000",
"Aug 11, 2023",41.75,42.02,40.64,40.85,40.83,"53,30,85,000",
"Aug 10, 2023",42.16,43.57,41.83,42.39,42.36,"49,27,05,000",
"Aug 9, 2023",44.27,44.31,42.13,42.55,42.52,"58,64,49,000",
"Aug 8, 2023",44.85,45.24,44.06,44.66,44.63,"35,38,43,000",
"Aug 7, 2023",45.11,45.54,44.56,45.42,45.38,"32,21,54,000",
"Aug 4, 2023",44.99,45.64,44.39,44.68,44.65,"36,26,66,000",
"Aug 3, 2023",43.8,45.12,43.8,44.51,44.48,"32,41,76,000",
"Aug 2, 2023",45.83,45.84,43.39,44.27,44.24,"53,01,42,000",
"Aug 1, 2023",46.46,46.9,46.03,46.51,46.47,"23,78,58,000",
"Jul 31, 2023",46.75,47.13,46.51,46.73,46.7,"25,10,55,000",
"Jul 28, 2023",46.67,47.03,46.38,46.75,46.72,"33,11,94,000",
"Jul 27, 2023",46.52,47.4,45.75,45.9,45.87,"45,59,76,000",
"Jul 26, 2023",46.02,46.05,44.63,45.45,45.42,"36,42,37,000",
"Jul 25, 2023",44.94,46.18,44.92,45.68,45.65,"34,80,81,000",
"Jul 24, 2023",44.73,45.11,44.04,44.61,44.58,"38,25,16,000",
"Jul 21, 2023",45.79,45.87,44.1,44.31,44.28,"96,37,69,000",
"Jul 20, 2023",46.51,47.09,45.06,45.52,45.49,"53,78,65,000",
"Jul 19, 2023",47.46,47.82,46.74,47.08,47.04,"42,75,02,000",
"Jul 18, 2023",46.7,47.9,45.73,47.49,47.46,"56,91,64,000",
"Jul 17, 2023",46.29,46.5,45.26,46.46,46.43,"51,04,88,000",
"Jul 14, 2023",46.58,48.09,45.06,45.47,45.44,"77,20,75,000",
"Jul 13, 2023",44.52,46.15,44.49,45.98,45.94,"47,82,04,000",
"Jul 12, 2023",43.03,43.94,42.78,43.9,43.87,"48,12,77,000",
"Jul 11, 2023",42.48,42.76,42.07,42.4,42.37,"29,82,44,000",
"Jul 10, 2023",42.66,42.81,41.65,42.18,42.15,"35,39,08,000",
"Jul 7, 2023",42.32,43.21,42.18,42.5,42.47,"35,58,81,000",
"Jul 6, 2023",41.84,42.18,41.35,42.1,42.07,"30,35,82,000",
"Jul 5, 2023",42.13,43.18,42.08,42.32,42.29,"32,36,18,000",
"Jul 3, 2023",42.52,42.9,42.2,42.41,42.38,"19,82,09,000",
"Jun 30, 2023",41.68,42.55,41.5,42.3,42.27,"50,11,48,000",
"Jun 29, 2023",41.56,41.6,40.6,40.82,40.79,"38,05,14,000",
"Jun 28, 2023",40.66,41.85,40.52,41.12,41.09,"58,26,39,000",
"Jun 27, 2023",40.8,41.94,40.45,41.88,41.85,"46,21,75,000",
"Jun 26, 2023",42.46,42.76,40.1,40.63,40.6,"59,43,22,000",
"Jun 23, 2023",42.46,42.81,42.01,42.21,42.18,"35,81,40,000",
"Jun 22, 2023",42.25,43.43,42.23,43.03,42.99,"41,77,37,000",
"Jun 21, 2023",43.5,43.62,42.08,43.04,43.01,"55,16,03,000",
"Jun 20, 2023",43,43.99,42.67,43.81,43.78,"45,11,53,000",
"Jun 16, 2023",43.45,43.72,42.66,42.69,42.66,"65,57,09,000",
"Jun 15, 2023",42.6,43.29,42.15,42.65,42.62,"56,86,22,000",
"Jun 14, 2023",40.82,43,40.55,43,42.97,"74,04,65,000",
"Jun 13, 2023",40.19,41.1,39.74,41.02,40.99,"61,32,08,000",
"Jun 12, 2023",39.2,39.53,38.62,39.48,39.45,"38,87,01,000",
"Jun 9, 2023",39.04,39.71,38.57,38.77,38.74,"42,77,17,000",
"Jun 8, 2023",37.72,38.86,37.51,38.51,38.48,"41,77,72,000",
"Jun 7, 2023",0.004,,,,,,
"Jun 7, 2023",38.92,39.5,37.36,37.47,37.45,"51,19,98,000",
"Jun 6, 2023",38.83,39.16,38.15,38.65,38.62,"38,87,29,000",
"Jun 5, 2023",38.91,39.56,38.71,39.17,39.14,"39,60,94,000",
"Jun 2, 2023",40.1,40.5,39.06,39.33,39.29,"48,27,31,000",
"Jun 1, 2023",38.49,40.05,38.34,39.77,39.74,"63,58,73,000",
"May 31, 2023",39.49,40.29,37.82,37.83,37.8,"1,00,25,80,000",
"May 30, 2023",40.6,41.94,39.95,40.11,40.08,"92,34,01,000",
"May 26, 2023",37.89,39.17,37.55,38.95,38.91,"71,43,97,000",
"May 25, 2023",38.52,39.48,36.63,37.98,37.95,"1,54,39,11,000",
"May 24, 2023",30.21,30.61,29.81,30.54,30.51,"72,14,19,000",
"May 23, 2023",31,31.29,30.63,30.69,30.66,"35,62,53,000",
"May 22, 2023",30.9,31.52,30.68,31.18,31.15,"37,20,00,000",
"May 19, 2023",31.54,31.58,30.92,31.26,31.24,"47,39,08,000",
"May 18, 2023",30.41,31.83,30.32,31.68,31.65,"74,87,25,000",
"May 17, 2023",29.58,30.2,29.43,30.18,30.15,"43,25,35,000",
"May 16, 2023",28.84,29.87,28.83,29.21,29.19,"44,94,05,000",
"May 15, 2023",28.51,28.97,28.15,28.95,28.93,"29,39,26,000",
"May 12, 2023",28.53,28.78,28.05,28.34,28.32,"27,42,22,000",
"May 11, 2023",28.9,28.95,28.25,28.58,28.55,"32,21,49,000",
"May 10, 2023",29,29.11,28.46,28.89,28.86,"36,93,50,000",
"May 9, 2023",28.9,28.97,28.45,28.57,28.55,"31,48,69,000",
"May 8, 2023",28.52,29.22,28.35,29.15,29.13,"34,49,79,000",
"May 5, 2023",27.83,28.75,27.73,28.68,28.66,"36,14,94,000",
"May 4, 2023",27.65,27.86,27.24,27.56,27.54,"32,18,50,000",
"May 3, 2023",27.84,28.37,27.47,27.8,27.78,"38,33,87,000",
"May 2, 2023",28.68,28.84,28.08,28.21,28.19,"40,27,30,000",
"May 1, 2023",27.84,29.06,27.78,28.91,28.89,"57,03,29,000",
"Apr 28, 2023",27.23,27.76,27.07,27.75,27.73,"29,22,16,000",
"Apr 27, 2023",27.36,27.5,26.63,27.23,27.2,"37,71,61,000",
"Apr 26, 2023",27,27.33,26.7,26.96,26.93,"40,63,37,000",
"Apr 25, 2023",27.08,27.25,26.23,26.24,26.22,"37,85,27,000",
"Apr 24, 2023",27.01,27.37,26.67,27.04,27.02,"33,92,82,000",
"Apr 21, 2023",26.95,27.18,26.72,27.12,27.1,"34,51,03,000",
"Apr 20, 2023",27.67,28.03,27,27.1,27.08,"42,77,13,000",
"Apr 19, 2023",27.36,28,27.23,27.93,27.91,"35,86,60,000",
"Apr 18, 2023",27.53,28.11,27.36,27.67,27.64,"60,48,12,000",
"Apr 17, 2023",26.57,27.01,26.43,27,26.98,"32,14,71,000",
"Apr 14, 2023",26.5,26.88,26.22,26.76,26.74,"39,56,60,000",
"Apr 13, 2023",26.73,26.89,26.33,26.46,26.44,"35,36,15,000",
"Apr 12, 2023",27.37,27.47,26.45,26.5,26.47,"44,62,59,000",
"Apr 11, 2023",27.72,27.79,27.13,27.17,27.15,"31,43,78,000",
"Apr 10, 2023",26.82,27.62,26.67,27.58,27.56,"39,52,79,000",
"Apr 6, 2023",26.58,27.08,26.43,27.04,27.01,"39,76,54,000",
"Apr 5, 2023",26.83,27,26.4,26.88,26.86,"51,50,15,000",
"Apr 4, 2023",27.97,28,27.31,27.45,27.43,"36,85,92,000",
"Apr 3, 2023",27.51,28,27.34,27.97,27.94,"39,87,16,000",
"Mar 31, 2023",27.14,27.83,27.1,27.78,27.75,"43,39,33,000",
"Mar 30, 2023",27.23,27.5,27.1,27.38,27.36,"36,45,16,000",
"Mar 29, 2023",26.83,27.08,26.6,26.98,26.96,"39,36,94,000",
"Mar 28, 2023",26.45,26.51,25.85,26.41,26.39,"35,61,04,000",
"Mar 27, 2023",26.84,27,26.36,26.53,26.51,"36,10,26,000",
"Mar 24, 2023",27.03,27.17,26.35,26.78,26.76,"45,49,20,000",
"Mar 23, 2023",27.11,27.5,26.69,27.19,27.17,"56,48,89,000",
"Mar 22, 2023",26.42,27.59,26.24,26.47,26.45,"79,72,95,000",
"Mar 21, 2023",26.18,26.39,25.38,26.2,26.18,"54,74,08,000",
"Mar 20, 2023",25.61,26.02,25.13,25.9,25.88,"43,27,47,000",
"Mar 17, 2023",25.98,26.4,25.67,25.73,25.7,"84,85,47,000",
"Mar 16, 2023",24.03,25.59,23.89,25.54,25.52,"58,32,53,000",
"Mar 15, 2023",23.76,24.29,23.36,24.23,24.21,"52,44,86,000",
"Mar 14, 2023",23.5,24.22,23.46,24.06,24.04,"47,49,10,000",
"Mar 13, 2023",22.75,23.3,22.3,22.97,22.95,"42,18,90,000",
"Mar 10, 2023",23.41,23.63,22.73,22.97,22.95,"47,48,66,000",
"Mar 9, 2023",24.17,24.45,23.38,23.44,23.42,"50,12,57,000",
"Mar 8, 2023",23.49,24.2,23.42,24.18,24.16,"51,35,73,000",
"Mar 7, 2023",0.004,,,,,,
"Mar 7, 2023",23.6,24.13,23.24,23.29,23.27,"51,51,54,000",
"Mar 6, 2023",23.89,24.25,23.49,23.55,23.53,"43,74,29,000",
"Mar 3, 2023",23.32,23.9,23.13,23.89,23.87,"41,23,93,000",
"Mar 2, 2023",22.49,23.38,22.43,23.31,23.29,"38,94,15,000",
"Mar 1, 2023",23.19,23.26,22.51,22.7,22.68,"46,00,26,000",
"Feb 28, 2023",23.37,23.83,23.21,23.22,23.19,"45,59,63,000",
"Feb 27, 2023",23.67,23.88,23.45,23.5,23.48,"45,29,94,000",
"Feb 24, 2023",23.23,23.47,22.95,23.29,23.26,"58,97,16,000",
"Feb 23, 2023",23.44,23.89,23.02,23.66,23.64,"1,11,79,95,000",
"Feb 22, 2023",20.71,21.1,20.42,20.75,20.73,"51,31,84,000",
"Feb 21, 2023",21,21.49,20.62,20.66,20.63,"41,00,15,000",
"Feb 17, 2023",21.63,21.74,20.98,21.39,21.37,"46,58,88,000",
"Feb 16, 2023",22.13,22.55,21.93,22,21.98,"41,20,26,000",
"Feb 15, 2023",22.55,22.85,22.11,22.76,22.74,"42,05,75,000",
"Feb 14, 2023",21.58,23.05,21.37,22.97,22.95,"67,54,74,000",
"Feb 13, 2023",21.54,22.05,20.96,21.79,21.77,"47,49,19,000",
"Feb 10, 2023",21.69,22.08,20.81,21.26,21.24,"55,07,37,000",
"Feb 9, 2023",22.61,23.02,22.12,22.34,22.31,"52,38,76,000",
"Feb 8, 2023",22.39,22.88,22.01,22.2,22.18,"55,96,51,000",
"Feb 7, 2023",21.38,22.26,21.15,22.17,22.15,"66,41,50,000",
"Feb 6, 2023",20.81,21.57,20.79,21.09,21.07,"45,21,97,000",
"Feb 3, 2023",21,21.75,20.79,21.1,21.08,"42,93,66,000",
"Feb 2, 2023",21,21.95,20.7,21.71,21.69,"56,42,76,000",
"Feb 1, 2023",19.69,21.19,19.61,20.94,20.92,"66,04,77,000",
"Jan 31, 2023",19.17,19.69,18.95,19.54,19.52,"49,80,17,000",
"Jan 30, 2023",19.95,20.14,19.15,19.16,19.14,"48,86,11,000",
"Jan 27, 2023",19.46,20.63,19.41,20.36,20.34,"54,21,42,000",
"Jan 26, 2023",19.7,20.17,19.28,19.8,19.78,"48,95,35,000",
"Jan 25, 2023",18.91,19.37,18.58,19.32,19.3,"44,95,37,000",
"Jan 24, 2023",18.83,19.5,18.82,19.26,19.25,"49,62,04,000",
"Jan 23, 2023",18.06,19.25,17.82,19.19,19.17,"65,51,63,000",
"Jan 20, 2023",17.01,17.86,16.83,17.84,17.82,"56,49,67,000",
"Jan 19, 2023",17.04,17.2,16.73,16.76,16.75,"45,29,32,000",
"Jan 18, 2023",17.67,17.87,17.28,17.38,17.36,"43,96,24,000",
"Jan 17, 2023",16.9,17.73,16.9,17.7,17.68,"51,11,02,000",
"Jan 13, 2023",16.28,16.92,16.17,16.9,16.88,"44,72,87,000",
"Jan 12, 2023",16.1,16.64,15.49,16.51,16.49,"55,14,09,000",
"Jan 11, 2023",15.84,16.03,15.56,16,15.98,"35,32,85,000",
"Jan 10, 2023",15.51,15.96,15.47,15.91,15.89,"38,41,01,000",
"Jan 9, 2023",15.28,16.06,15.14,15.63,15.61,"50,42,31,000",
"Jan 6, 2023",14.47,15.01,14.03,14.86,14.84,"40,50,44,000",
"Jan 5, 2023",14.49,14.56,14.15,14.27,14.25,"38,91,68,000",
"Jan 4, 2023",14.57,14.85,14.24,14.75,14.73,"43,13,24,000",
"Jan 3, 2023",14.85,15,14.1,14.31,14.3,"40,12,77,000",
"Dec 30, 2022",14.33,14.63,14.23,14.61,14.6,"31,04,90,000",
"Dec 29, 2022",14.4,14.68,14.23,14.6,14.59,"35,49,23,000",
"Dec 28, 2022",13.93,14.26,13.88,14.04,14.02,"35,10,66,000",
"Dec 27, 2022",15.07,15.1,14.06,14.12,14.11,"46,49,02,000",
"Dec 23, 2022",15.2,15.34,14.88,15.21,15.19,"34,93,26,000",
"Dec 22, 2022",16.09,16.14,14.88,15.34,15.32,"56,50,45,000",
"Dec 21, 2022",16.11,16.63,16.1,16.5,16.48,"32,50,25,000",
"Dec 20, 2022",16.06,16.31,15.85,16.08,16.07,"40,32,60,000",
"Dec 19, 2022",16.57,16.61,16.15,16.25,16.24,"35,40,39,000",
"Dec 16, 2022",16.86,17.04,16.41,16.57,16.55,"47,82,32,000",
"Dec 15, 2022",17.15,17.32,16.7,16.95,16.94,"47,85,42,000",
"Dec 14, 2022",17.99,18.25,17.42,17.67,17.66,"49,68,88,000",
"Dec 13, 2022",18.53,18.79,17.71,18.07,18.05,"65,65,89,000",
"Dec 12, 2022",17.04,17.54,16.8,17.53,17.52,"45,73,28,000",
"Dec 9, 2022",17.16,17.58,16.98,17,16.98,"46,53,38,000",
"Dec 8, 2022",16.27,17.18,15.96,17.17,17.15,"51,54,56,000",
"Dec 7, 2022",15.77,16.19,15.67,16.12,16.1,"37,23,88,000",
"Dec 6, 2022",16.53,16.57,15.82,15.99,15.97,"35,26,94,000",
"Dec 5, 2022",16.68,17,16.47,16.61,16.59,"35,22,55,000",
"Dec 2, 2022",16.66,16.93,16.44,16.88,16.86,"37,13,89,000",
"Dec 1, 2022",17,17.26,16.64,17.14,17.12,"47,09,77,000",
"Nov 30, 2022",0.004,,,,,,
"Nov 30, 2022",15.7,16.93,15.6,16.92,16.91,"56,52,98,000",
"Nov 29, 2022",15.83,15.93,15.52,15.64,15.62,"29,83,84,000",
"Nov 28, 2022",16.03,16.36,15.73,15.83,15.81,"30,37,41,000",
"Nov 25, 2022",16.32,16.49,16.17,16.27,16.25,"16,79,34,000",
"Nov 23, 2022",16.1,16.53,16.05,16.52,16.5,"42,72,41,000",
"Nov 22, 2022",15.33,16.06,15.12,16.04,16.02,"47,28,66,000",
"Nov 21, 2022",15.15,15.48,15.08,15.32,15.3,"40,47,39,000",
"Nov 18, 2022",15.97,16,15.12,15.41,15.39,"49,20,72,000",
"Nov 17, 2022",15.72,16.27,15.53,15.68,15.66,"71,08,94,000",
"Nov 16, 2022",16.16,16.36,15.87,15.91,15.89,"64,95,47,000",
"Nov 15, 2022",16.72,17,16.38,16.67,16.65,"54,58,76,000",
"Nov 14, 2022",16.22,16.54,15.92,16.3,16.27,"52,78,52,000",
"Nov 11, 2022",15.81,16.39,15.48,16.33,16.31,"65,54,87,000",
"Nov 10, 2022",14.8,15.77,14.55,15.75,15.73,"70,08,19,000",
"Nov 9, 2022",14.16,14.21,13.76,13.78,13.76,"45,44,14,000",
"Nov 8, 2022",14.8,14.89,14.22,14.6,14.58,"59,52,92,000",
"Nov 7, 2022",14.23,14.41,13.95,14.3,14.28,"41,00,61,000",
"Nov 4, 2022",13.99,14.23,13.7,14.16,14.14,"61,25,76,000",
"Nov 3, 2022",13.04,13.78,12.96,13.42,13.4,"50,00,65,000",
"Nov 2, 2022",13.85,14.21,13.21,13.22,13.2,"67,26,28,000",
"Nov 1, 2022",13.81,13.93,13.52,13.54,13.53,"43,28,17,000",
"Oct 31, 2022",13.78,13.84,13.3,13.5,13.48,"48,63,41,000",
"Oct 28, 2022",13.1,13.85,13.06,13.83,13.82,"52,10,40,000",
"Oct 27, 2022",13.63,13.84,13.12,13.18,13.16,"58,31,13,000",
"Oct 26, 2022",12.87,13.39,12.71,12.9,12.88,"53,29,53,000",
"Oct 25, 2022",12.69,13.3,12.66,13.26,13.24,"50,54,82,000",
"Oct 24, 2022",12.51,12.71,12.06,12.6,12.58,"51,74,57,000",
"Oct 21, 2022",12.1,12.5,11.89,12.47,12.45,"60,94,94,000",
"Oct 20, 2022",12.11,12.77,12.1,12.19,12.18,"65,23,98,000",
"Oct 19, 2022",11.88,12.35,11.83,12.05,12.04,"52,31,31,000",
"Oct 18, 2022",12.34,12.49,11.62,11.97,11.95,"65,93,62,000",
"Oct 17, 2022",11.52,11.95,11.52,11.89,11.87,"58,07,74,000",
"Oct 14, 2022",12.06,12.11,11.2,11.23,11.21,"71,34,32,000",
"Oct 13, 2022",10.97,12.08,10.81,11.96,11.94,"85,01,03,000",
"Oct 12, 2022",11.58,11.73,11.35,11.5,11.49,"49,25,90,000",
"Oct 11, 2022",11.56,11.85,11.28,11.59,11.57,"66,74,82,000",
"Oct 10, 2022",12.04,12.12,11.41,11.67,11.66,"69,86,99,000",
"Oct 7, 2022",12.51,12.67,12.02,12.08,12.06,"67,24,78,000",
"Oct 6, 2022",13.22,13.66,13.1,13.13,13.11,"64,41,57,000",
"Oct 5, 2022",12.91,13.32,12.62,13.21,13.19,"50,71,31,000",
"Oct 4, 2022",12.88,13.22,12.88,13.17,13.15,"58,41,82,000",
"Oct 3, 2022",12.35,12.68,12.1,12.51,12.5,"54,74,78,000",
"Sep 30, 2022",12.09,12.63,12.07,12.14,12.12,"56,56,38,000",
"Sep 29, 2022",12.45,12.5,11.95,12.22,12.2,"53,27,63,000",
"Sep 28, 2022",12.41,12.82,12.35,12.74,12.72,"54,24,14,000",
"Sep 27, 2022",12.51,12.74,12.26,12.41,12.4,"55,38,54,000",
"Sep 26, 2022",12.49,12.66,12.21,12.23,12.21,"54,73,43,000",
"Sep 23, 2022",12.42,12.61,12.26,12.52,12.5,"66,33,09,000",
"Sep 22, 2022",13.07,13.15,12.43,12.56,12.55,"75,91,62,000",
"Sep 21, 2022",13.21,14.03,13.11,13.26,13.24,"80,76,79,000",
"Sep 20, 2022",13.22,13.48,13.06,13.18,13.16,"52,48,18,000",
"Sep 19, 2022",13.01,13.46,13.01,13.38,13.37,"56,96,85,000",
"Sep 16, 2022",12.74,13.21,12.62,13.2,13.18,"67,07,51,000",
"Sep 15, 2022",13.02,13.23,12.79,12.93,12.91,"52,36,25,000",
"Sep 14, 2022",13.25,13.29,12.91,13.13,13.11,"58,85,07,000",
"Sep 13, 2022",13.8,13.92,13.1,13.13,13.11,"71,49,56,000",
"Sep 12, 2022",14.37,14.55,14.2,14.51,14.49,"48,41,59,000",
"Sep 9, 2022",14.16,14.47,14.13,14.39,14.37,"48,66,12,000",
"Sep 8, 2022",13.46,14.01,13.37,13.99,13.97,"62,48,73,000",
"Sep 7, 2022",0.004,,,,,,
"Sep 7, 2022",13.56,13.84,13.35,13.71,13.7,"51,26,57,000",
"Sep 6, 2022",13.73,13.78,13.35,13.47,13.44,"53,57,51,000",
"Sep 2, 2022",14.1,14.17,13.59,13.65,13.63,"74,31,57,000",
"Sep 1, 2022",14.21,14.38,13.27,13.94,13.92,"1,17,88,65,000",
"Aug 31, 2022",15.38,15.54,14.96,15.09,15.07,"57,37,10,000",
"Aug 30, 2022",15.96,16.04,15.18,15.47,15.44,"53,01,81,000",
"Aug 29, 2022",16.02,16.34,15.77,15.8,15.78,"49,61,32,000",
"Aug 26, 2022",17.86,17.92,16.24,16.26,16.23,"76,91,27,000",
"Aug 25, 2022",16.84,17.95,16.83,17.91,17.89,"77,06,91,000",
"Aug 24, 2022",17.01,17.41,16.9,17.22,17.2,"52,26,61,000",
"Aug 23, 2022",16.99,17.47,16.97,17.18,17.15,"36,99,86,000",
"Aug 22, 2022",17.49,17.56,16.97,17.03,17.01,"40,95,93,000",
"Aug 19, 2022",18.41,18.52,17.77,17.85,17.82,"44,15,88,000",
"Aug 18, 2022",18.3,18.86,18.18,18.77,18.74,"41,54,47,000",
"Aug 17, 2022",18.52,18.69,18.15,18.33,18.31,"44,67,99,000",
"Aug 16, 2022",18.92,19.14,18.5,18.88,18.85,"45,12,40,000",
"Aug 15, 2022",18.7,19.16,18.61,19.03,19,"45,76,66,000",
"Aug 12, 2022",18.16,18.72,17.95,18.71,18.68,"47,80,94,000",
"Aug 11, 2022",18.13,18.71,17.88,17.94,17.91,"50,93,27,000",
"Aug 10, 2022",17.7,18.12,17.32,18.1,18.07,"59,74,22,000",
"Aug 9, 2022",17.25,17.45,16.72,17.09,17.06,"66,82,63,000",
"Aug 8, 2022",17.5,18.24,17.24,17.79,17.77,"98,18,59,000",
"Aug 5, 2022",18.81,19.23,18.67,18.99,18.96,"38,60,68,000",
"Aug 4, 2022",18.85,19.27,18.76,19.22,19.19,"40,96,52,000",
"Aug 3, 2022",18.18,18.97,18.14,18.89,18.86,"41,81,46,000",
"Aug 2, 2022",18.12,18.94,18.09,18.53,18.5,"48,95,27,000",
"Aug 1, 2022",18.18,18.85,17.99,18.44,18.41,"47,64,69,000",
"Jul 29, 2022",17.81,18.24,17.69,18.16,18.13,"43,54,60,000",
"Jul 28, 2022",17.98,18.14,17.44,17.98,17.96,"47,46,46,000",
"Jul 27, 2022",17.03,17.94,16.91,17.79,17.76,"56,97,76,000",
"Jul 26, 2022",16.89,16.92,16.48,16.53,16.51,"39,78,65,000",
"Jul 25, 2022",17.02,17.12,16.65,17.02,17,"48,07,48,000",
"Jul 22, 2022",17.89,17.97,17.14,17.32,17.29,"53,66,71,000",
"Jul 21, 2022",17.89,18.14,17.55,18.05,18.02,"55,70,49,000",
"Jul 20, 2022",16.95,17.93,16.8,17.81,17.78,"76,05,38,000",
"Jul 19, 2022",16.49,17.11,16.17,16.99,16.97,"70,23,66,000",
"Jul 18, 2022",16.3,16.9,16,16.1,16.08,"67,05,17,000",
"Jul 15, 2022",15.66,15.78,15.44,15.76,15.74,"38,59,35,000",
"Jul 14, 2022",15.11,15.47,14.73,15.37,15.35,"45,62,35,000",
"Jul 13, 2022",14.59,15.38,14.47,15.16,15.14,"52,19,18,000",
"Jul 12, 2022",15.27,15.43,14.88,15.08,15.06,"45,84,83,000",
"Jul 11, 2022",15.53,15.53,15.04,15.15,15.13,"43,73,21,000",
"Jul 8, 2022",15.43,16.04,15.39,15.84,15.81,"46,79,72,000",
"Jul 7, 2022",15.46,15.94,15.39,15.86,15.83,"49,29,03,000",
"Jul 6, 2022",15.01,15.32,14.79,15.13,15.11,"52,90,66,000",
"Jul 5, 2022",14.18,14.97,14.06,14.96,14.94,"65,13,97,000",
"Jul 1, 2022",14.9,15.06,14.39,14.52,14.5,"57,76,10,000",
"Jun 30, 2022",15.36,15.57,14.86,15.16,15.14,"68,60,70,000",
"Jun 29, 2022",15.81,15.82,15.17,15.54,15.52,"48,23,52,000",
"Jun 28, 2022",16.9,17.2,15.94,15.98,15.96,"46,11,49,000",
"Jun 27, 2022",17.31,17.33,16.63,16.87,16.84,"42,79,68,000",
"Jun 24, 2022",16.5,17.14,16.31,17.13,17.1,"47,21,53,000",
"Jun 23, 2022",16.52,16.58,15.85,16.23,16.2,"46,36,80,000",
"Jun 22, 2022",16.23,16.66,16.18,16.36,16.33,"43,71,35,000",
"Jun 21, 2022",16.48,17.01,16.41,16.57,16.54,"48,30,89,000",
"Jun 17, 2022",15.65,15.99,15.33,15.88,15.86,"63,03,34,000",
"Jun 16, 2022",15.86,15.94,15.4,15.6,15.58,"54,57,49,000",
"Jun 15, 2022",16.09,16.87,15.93,16.53,16.5,"56,39,36,000",
"Jun 14, 2022",15.73,16.07,15.41,15.84,15.81,"46,96,80,000",
"Jun 13, 2022",16,16.31,15.61,15.65,15.62,"60,41,53,000",
"Jun 10, 2022",17.6,17.7,16.87,16.97,16.95,"46,52,48,000",
"Jun 9, 2022",18.48,18.93,18.04,18.05,18.02,"39,55,74,000",
"Jun 8, 2022",0.004,,,,,,
"Jun 8, 2022",18.8,19.18,18.53,18.65,18.62,"36,32,52,000",
"Jun 7, 2022",18.47,19,18.19,18.93,18.89,"38,89,14,000",
"Jun 6, 2022",19.14,19.34,18.56,18.79,18.75,"42,24,06,000",
"Jun 3, 2022",19.08,19.33,18.52,18.72,18.69,"59,87,79,000",
"Jun 2, 2022",18.29,19.62,18.2,19.59,19.56,"64,86,56,000",
"Jun 1, 2022",18.72,19.05,18.12,18.32,18.29,"54,45,14,000",
"May 31, 2022",18.98,19.2,18.35,18.67,18.64,"66,41,00,000",
"May 27, 2022",18.19,18.88,18.1,18.81,18.78,"73,83,79,000",
"May 26, 2022",16.04,18.09,16.02,17.85,17.82,"99,65,75,000",
"May 25, 2022",16.02,17.11,16,16.98,16.95,"78,11,32,000",
"May 24, 2022",16.51,16.6,15.78,16.15,16.13,"58,85,50,000",
"May 23, 2022",16.27,16.92,16.18,16.9,16.87,"63,98,89,000",
"May 20, 2022",17.33,17.41,15.76,16.69,16.66,"73,91,05,000",
"May 19, 2022",16.94,17.69,16.73,17.12,17.09,"62,13,10,000",
"May 18, 2022",17.7,18.12,16.86,16.94,16.91,"54,51,61,000",
"May 17, 2022",18.07,18.37,17.63,18.18,18.14,"58,58,30,000",
"May 16, 2022",17.51,17.79,17.11,17.26,17.23,"52,14,46,000",
"May 13, 2022",16.79,17.93,16.59,17.71,17.67,"67,04,37,000",
"May 12, 2022",16.22,16.79,15.57,16.17,16.15,"70,87,28,000",
"May 11, 2022",17.35,17.75,16.57,16.63,16.6,"67,01,67,000",
"May 10, 2022",17.69,18.2,17.02,17.59,17.56,"76,14,74,000",
"May 9, 2022",18.03,18.25,16.83,16.95,16.92,"64,44,55,000",
"May 6, 2022",18.74,19.51,17.99,18.67,18.64,"63,32,97,000",
"May 5, 2022",19.87,19.92,18.5,18.84,18.81,"62,63,31,000",
"May 4, 2022",19.92,20.4,18.75,20.33,20.3,"64,88,55,000",
"May 3, 2022",19.4,19.83,19.13,19.6,19.57,"47,57,51,000",
"May 2, 2022",18.54,19.57,18.39,19.53,19.5,"57,20,49,000",
"Apr 29, 2022",19.4,20.13,18.52,18.55,18.51,"50,04,35,000",
"Apr 28, 2022",18.97,20.04,18.49,19.78,19.75,"57,03,27,000",
"Apr 27, 2022",18.6,19.17,18.29,18.42,18.38,"49,94,60,000",
"Apr 26, 2022",19.72,19.79,18.67,18.79,18.75,"65,31,43,000",
"Apr 25, 2022",19.2,19.94,19.1,19.9,19.87,"64,15,66,000",
"Apr 22, 2022",20.3,20.49,19.5,19.51,19.48,"62,47,13,000",
"Apr 21, 2022",21.71,22.39,20,20.18,20.15,"65,62,09,000",
"Apr 20, 2022",22.52,22.67,21.2,21.48,21.44,"46,89,74,000",
"Apr 19, 2022",21.72,22.37,21.31,22.2,22.16,"51,27,81,000",
"Apr 18, 2022",21.2,22.09,21.08,21.78,21.74,"52,57,01,000",
"Apr 14, 2022",22.5,22.78,21.16,21.26,21.22,"56,90,97,000",
"Apr 13, 2022",21.73,22.5,21.45,22.2,22.16,"51,69,43,000",
"Apr 12, 2022",22.54,22.73,21.28,21.5,21.47,"66,22,58,000",
"Apr 11, 2022",22.21,22.32,21.66,21.92,21.88,"57,52,07,000",
"Apr 8, 2022",23.92,23.92,23.06,23.12,23.08,"52,47,81,000",
"Apr 7, 2022",24.44,24.72,23.48,24.21,24.17,"55,79,92,000",
"Apr 6, 2022",24.93,25.3,24,24.41,24.36,"70,38,33,000",
"Apr 5, 2022",27.25,27.32,25.82,25.93,25.89,"43,66,15,000",
"Apr 4, 2022",26.73,27.56,26.61,27.36,27.31,"39,71,20,000",
"Apr 1, 2022",27.38,27.5,26.27,26.71,26.66,"51,72,35,000",
"Mar 31, 2022",27.78,28.25,27.27,27.29,27.24,"52,34,40,000",
"Mar 30, 2022",28.3,28.5,27.5,27.69,27.64,"46,34,87,000",
"Mar 29, 2022",28.69,28.95,27.98,28.66,28.61,"48,89,84,000",
"Mar 28, 2022",27.76,28.25,27.21,28.22,28.17,"42,54,94,000",
"Mar 25, 2022",27.89,28.36,27.27,27.69,27.64,"57,90,16,000",
"Mar 24, 2022",26.17,28.32,25.91,28.15,28.1,"87,73,79,000",
"Mar 23, 2022",26.13,26.61,25.58,25.63,25.59,"50,21,20,000",
"Mar 22, 2022",26.73,27.24,26.07,26.52,26.48,"54,70,07,000",
"Mar 21, 2022",26.51,27.15,25.97,26.73,26.69,"59,17,27,000",
"Mar 18, 2022",24.8,26.57,24.62,26.45,26.41,"73,07,19,000",
"Mar 17, 2022",24.12,24.84,23.91,24.77,24.72,"47,19,41,000",
"Mar 16, 2022",23.5,24.6,23.17,24.5,24.45,"67,14,22,000",
"Mar 15, 2022",21.52,23.04,21.32,22.97,22.93,"49,19,96,000",
"Mar 14, 2022",21.87,22.26,21.16,21.33,21.29,"38,53,54,000",
"Mar 11, 2022",23.02,23.15,22.05,22.1,22.06,"36,72,09,000",
"Mar 10, 2022",22.53,22.79,21.88,22.66,22.62,"42,80,66,000",
"Mar 9, 2022",22.39,23.22,22.25,23.01,22.97,"49,27,42,000",
"Mar 8, 2022",21.31,22.37,20.65,21.51,21.48,"55,74,67,000",
"Mar 7, 2022",22.82,23.03,21.33,21.35,21.31,"45,08,21,000",
"Mar 4, 2022",23.38,23.68,22.48,22.94,22.9,"43,14,15,000",
"Mar 3, 2022",24.26,24.33,23.47,23.71,23.67,"36,50,95,000",
"Mar 2, 2022",0.004,,,,,,
"Mar 2, 2022",23.76,24.41,23.42,24.22,24.18,"38,96,42,000",
"Mar 1, 2022",24.29,24.38,23.13,23.48,23.43,"41,20,56,000",
"Feb 28, 2022",23.99,24.67,23.71,24.39,24.34,"47,73,19,000",
"Feb 25, 2022",23.72,24.22,23.38,24.16,24.11,"52,88,66,000",
"Feb 24, 2022",21.01,23.8,20.89,23.75,23.7,"73,58,01,000",
"Feb 23, 2022",23.8,24.16,22.3,22.39,22.34,"56,65,11,000",
"Feb 22, 2022",23.03,24.06,23,23.39,23.34,"63,34,22,000",
"Feb 18, 2022",24.67,24.99,23.1,23.64,23.6,"76,12,55,000",
"Feb 17, 2022",25.63,25.78,24.17,24.51,24.46,"81,05,95,000",
"Feb 16, 2022",26.26,26.58,25.55,26.51,26.46,"73,26,76,000",
"Feb 15, 2022",24.95,26.55,24.78,26.5,26.44,"69,98,69,000",
"Feb 14, 2022",23.93,24.88,23.75,24.27,24.22,"44,04,24,000",
"Feb 11, 2022",25.92,26.15,23.77,23.95,23.9,"60,54,72,000",
"Feb 10, 2022",26,26.92,25.6,25.82,25.77,"51,32,00,000",
"Feb 9, 2022",25.62,26.73,25.35,26.7,26.65,"52,42,82,000",
"Feb 8, 2022",24.36,25.23,23.98,25.11,25.06,"41,03,59,000",
"Feb 7, 2022",24.37,25.18,24.2,24.73,24.68,"37,68,68,000",
"Feb 4, 2022",23.97,24.64,23.63,24.32,24.27,"35,48,29,000",
"Feb 3, 2022",24.46,25.08,23.78,23.95,23.9,"41,01,78,000",
"Feb 2, 2022",25.79,25.82,24.55,25.24,25.19,"54,34,19,000",
"Feb 1, 2022",25.1,25.15,23.89,24.64,24.59,"51,89,25,000",
"Jan 31, 2022",23.18,24.51,23.05,24.49,24.44,"56,46,80,000",
"Jan 28, 2022",22.01,22.86,21.3,22.84,22.8,"54,37,74,000",
"Jan 27, 2022",23.57,24,21.67,21.94,21.9,"57,33,53,000",
"Jan 26, 2022",23.24,24.06,22.3,22.77,22.73,"75,59,59,000",
"Jan 25, 2022",22.55,22.94,22,22.32,22.28,"66,46,16,000",
"Jan 24, 2022",22.33,23.38,20.89,23.37,23.33,"91,39,82,000",
"Jan 21, 2022",23.51,24.82,23.26,23.37,23.33,"71,89,58,000",
"Jan 20, 2022",25.3,25.58,24.08,24.15,24.1,"43,51,81,000",
"Jan 19, 2022",26.08,26.54,25.05,25.07,25.02,"48,83,15,000",
"Jan 18, 2022",26.26,26.64,25.77,25.9,25.85,"42,42,70,000",
"Jan 14, 2022",26.3,27.2,26.21,26.94,26.89,"39,58,32,000",
"Jan 13, 2022",28.38,28.48,26.5,26.58,26.52,"54,01,71,000",
"Jan 12, 2022",28.07,28.59,27.61,28,27.94,"38,34,13,000",
"Jan 11, 2022",27.32,28.07,26.84,27.82,27.76,"40,40,89,000",
"Jan 10, 2022",26.58,27.47,25.64,27.4,27.35,"59,46,81,000",
"Jan 7, 2022",28.14,28.42,27.06,27.25,27.19,"40,99,39,000",
"Jan 6, 2022",27.64,28.44,27.07,28.18,28.12,"45,41,86,000",
"Jan 5, 2022",28.95,29.42,27.53,27.6,27.55,"49,80,64,000",
"Jan 4, 2022",30.28,30.47,28.35,29.29,29.23,"52,71,54,000",
"Jan 3, 2022",29.82,30.71,29.78,30.12,30.06,"39,15,47,000",
"Dec 31, 2021",29.67,30.03,29.33,29.41,29.35,"26,65,30,000",
"Dec 30, 2021",29.83,30.46,29.54,29.59,29.53,"30,88,64,000",
"Dec 29, 2021",30.27,30.55,29.37,30,29.94,"34,31,39,000",
"Dec 28, 2021",31.31,31.33,30.01,30.32,30.26,"42,05,91,000",
"Dec 27, 2021",29.66,31.09,29.64,30.94,30.89,"40,36,86,000",
"Dec 23, 2021",29.75,30.06,29.43,29.64,29.58,"34,30,22,000",
"Dec 22, 2021",28.89,29.56,28.45,29.4,29.34,"39,51,84,000",
"Dec 21, 2021",28.37,29.12,27.4,29.08,29.02,"52,43,85,000",
"Dec 20, 2021",27.31,28.14,27.15,27.72,27.67,"46,18,47,000",
"Dec 17, 2021",27.99,28.92,27.76,27.8,27.75,"71,37,58,000",
"Dec 16, 2021",31.15,31.16,28.09,28.39,28.33,"70,73,66,000",
"Dec 15, 2021",28.4,30.5,27.84,30.46,30.4,"69,82,97,000",
"Dec 14, 2021",27.7,28.68,27.25,28.34,28.28,"66,70,35,000",
"Dec 13, 2021",30.25,30.29,28.12,28.16,28.11,"59,83,44,000",
"Dec 10, 2021",31.15,31.31,29.86,30.2,30.14,"48,88,25,000",
"Dec 9, 2021",31.73,32.21,30.43,30.49,30.43,"48,85,07,000",
"Dec 8, 2021",32,32.29,31.42,31.83,31.76,"47,55,51,000",
"Dec 7, 2021",30.96,32.45,30.65,32.43,32.36,"59,30,53,000",
"Dec 6, 2021",29.88,30.24,28.04,30.04,29.98,"65,89,38,000",
"Dec 3, 2021",32,32.13,30.13,30.69,30.63,"54,43,25,000",
"Dec 2, 2021",31.21,32.48,31.02,32.13,32.06,"47,28,90,000",
"Dec 1, 2021",0.004,,,,,,
"Dec 1, 2021",33.22,33.29,31.38,31.43,31.37,"48,43,68,000",
"Nov 30, 2021",33.17,33.35,31.86,32.68,32.61,"62,20,66,000",
"Nov 29, 2021",32.37,33.41,32.04,33.38,33.31,"45,49,64,000",
"Nov 26, 2021",32.6,32.71,31.35,31.5,31.44,"28,30,69,000",
"Nov 24, 2021",31.46,32.85,30.93,32.67,32.61,"43,51,62,000",
"Nov 23, 2021",31.53,32.36,30.88,31.75,31.68,"53,21,63,000",
"Nov 22, 2021",33.52,34.65,31.9,31.96,31.89,"75,43,35,000",
"Nov 19, 2021",32.24,33.09,31.91,32.99,32.92,"53,38,67,000",
"Nov 18, 2021",32.37,32.76,31.32,31.67,31.61,"78,17,11,000",
"Nov 17, 2021",30.42,30.51,28.8,29.26,29.2,"42,85,08,000",
"Nov 16, 2021",29.76,30.39,29.71,30.2,30.14,"26,44,84,000",
"Nov 15, 2021",30.55,30.64,29.25,30.02,29.96,"38,49,09,000",
"Nov 12, 2021",30.01,30.68,29.63,30.39,30.33,"41,30,54,000",
"Nov 11, 2021",30.47,30.59,29.78,30.39,30.33,"33,21,72,000",
"Nov 10, 2021",29.36,30.85,28.78,29.46,29.4,"63,62,06,000",
"Nov 9, 2021",32.28,32.31,29.96,30.66,30.59,"64,67,46,000",
"Nov 8, 2021",30.15,31.1,29.91,30.8,30.74,"50,31,01,000",
"Nov 5, 2021",30.19,31.4,29.41,29.75,29.69,"85,12,60,000",
"Nov 4, 2021",27.23,31.36,27.12,29.8,29.74,"1,15,36,31,000",
"Nov 3, 2021",26.67,26.78,26.24,26.6,26.54,"23,99,10,000",
"Nov 2, 2021",25.82,26.68,25.8,26.4,26.35,"29,41,12,000",
"Nov 1, 2021",25.65,25.89,25.23,25.83,25.77,"26,57,40,000",
"Oct 29, 2021",25,25.71,25,25.57,25.51,"29,25,03,000",
"Oct 28, 2021",24.88,24.95,24.52,24.94,24.89,"23,42,04,000",
"Oct 27, 2021",24.47,25.09,24.28,24.45,24.4,"24,59,90,000",
"Oct 26, 2021",23.99,25.26,23.92,24.72,24.67,"48,58,98,000",
"Oct 25, 2021",22.97,23.35,22.77,23.17,23.12,"23,02,35,000",
"Oct 22, 2021",22.82,23.13,22.56,22.73,22.68,"24,93,84,000",
"Oct 21, 2021",22.1,22.71,22.08,22.69,22.65,"18,75,90,000",
"Oct 20, 2021",22.31,22.43,21.98,22.1,22.06,"14,62,76,000",
"Oct 19, 2021",22.28,22.38,22.04,22.29,22.24,"16,14,73,000",
"Oct 18, 2021",21.75,22.29,21.64,22.22,22.18,"18,94,94,000",
"Oct 15, 2021",21.81,21.93,21.66,21.86,21.82,"22,69,94,000",
"Oct 14, 2021",21.29,21.75,21.12,21.75,21.7,"24,35,89,000",
"Oct 13, 2021",20.92,20.99,20.71,20.94,20.9,"18,06,52,000",
"Oct 12, 2021",20.83,21.06,20.53,20.67,20.63,"16,21,34,000",
"Oct 11, 2021",20.58,21.06,20.51,20.69,20.65,"16,33,88,000",
"Oct 8, 2021",21.1,21.21,20.77,20.83,20.79,"15,12,58,000",
"Oct 7, 2021",21.09,21.32,20.97,21.08,21.03,"25,69,19,000",
"Oct 6, 2021",20.12,20.72,20.08,20.7,20.66,"29,72,02,000",
"Oct 5, 2021",19.95,20.65,19.85,20.45,20.41,"27,92,82,000",
"Oct 4, 2021",20.5,20.54,19.56,19.73,19.69,"34,56,35,000",
"Oct 1, 2021",20.75,20.86,20.2,20.74,20.7,"24,09,78,000",
"Sep 30, 2021",20.77,21.07,20.69,20.72,20.67,"22,10,09,000",
"Sep 29, 2021",20.94,21.02,20.47,20.52,20.47,"21,83,94,000",
"Sep 28, 2021",21.21,21.42,20.65,20.7,20.66,"34,30,69,000",
"Sep 27, 2021",21.71,21.8,21.33,21.66,21.62,"24,52,15,000",
"Sep 24, 2021",22.07,22.15,21.86,22.08,22.04,"21,76,55,000",
"Sep 23, 2021",22.14,22.53,21.89,22.48,22.44,"24,85,55,000",
"Sep 22, 2021",21.37,21.96,21.2,21.94,21.9,"26,87,26,000",
"Sep 21, 2021",21.42,21.42,20.95,21.25,21.2,"20,46,88,000",
"Sep 20, 2021",21.15,21.43,20.66,21.11,21.07,"34,94,40,000",
"Sep 17, 2021",22.3,22.32,21.83,21.9,21.85,"29,45,03,000",
"Sep 16, 2021",22.18,22.28,21.93,22.24,22.2,"15,60,33,000",
"Sep 15, 2021",22.31,22.37,21.97,22.34,22.3,"16,65,38,000",
"Sep 14, 2021",22.27,22.41,22.09,22.24,22.2,"19,97,55,000",
"Sep 13, 2021",22.68,22.96,21.86,22.15,22.11,"29,75,00,000",
"Sep 10, 2021",22.35,22.63,22.27,22.48,22.43,"24,83,76,000",
"Sep 9, 2021",22.31,22.54,22.13,22.18,22.13,"19,68,56,000",
"Sep 8, 2021",22.51,22.61,21.98,22.34,22.29,"25,44,34,000",
"Sep 7, 2021",22.83,22.9,22.52,22.66,22.62,"19,81,07,000",
"Sep 3, 2021",22.33,22.99,22.2,22.84,22.8,"28,05,32,000",
"Sep 2, 2021",22.52,22.59,22.3,22.4,22.35,"18,78,34,000",
"Sep 1, 2021",22.49,22.7,22.36,22.44,22.39,"20,17,67,000",
"Aug 31, 2021",0.004,,,,,,
"Aug 31, 2021",22.69,22.69,22.12,22.39,22.34,"25,98,50,000",
"Aug 30, 2021",22.83,23.04,22.55,22.69,22.64,"26,25,80,000",
"Aug 27, 2021",22.18,22.72,22.17,22.64,22.59,"30,47,22,000",
"Aug 26, 2021",22.2,22.34,21.79,22.07,22.02,"23,79,40,000",
"Aug 25, 2021",21.74,22.47,21.72,22.21,22.16,"34,77,01,000",
"Aug 24, 2021",21.75,21.96,21.53,21.79,21.74,"29,72,99,000",
"Aug 23, 2021",20.97,22,20.95,21.96,21.91,"57,58,07,000",
"Aug 20, 2021",19.99,20.86,19.93,20.82,20.77,"67,57,41,000",
"Aug 19, 2021",19.49,20.5,18.76,19.8,19.75,"76,65,55,000",
"Aug 18, 2021",19.5,19.63,19,19.04,19,"28,59,13,000",
"Aug 17, 2021",19.68,19.77,19.27,19.46,19.41,"20,45,85,000",
"Aug 16, 2021",20.14,20.29,19.45,19.95,19.91,"21,08,76,000",
"Aug 13, 2021",19.91,20.21,19.85,20.19,20.14,"18,30,63,000",
"Aug 12, 2021",19.87,20.03,19.62,19.91,19.86,"15,16,52,000",
"Aug 11, 2021",20.04,20.05,19.43,19.7,19.66,"18,59,25,000",
"Aug 10, 2021",20.32,20.43,19.83,19.94,19.89,"17,92,38,000",
"Aug 9, 2021",20.45,20.51,20.14,20.3,20.25,"14,64,43,000",
"Aug 6, 2021",20.52,20.57,20.21,20.37,20.32,"17,84,97,000",
"Aug 5, 2021",20.5,20.73,20.34,20.64,20.59,"21,14,35,000",
"Aug 4, 2021",19.99,20.32,19.83,20.27,20.23,"23,13,09,000",
"Aug 3, 2021",19.74,20.22,19.22,19.82,19.77,"30,18,11,000",
"Aug 2, 2021",19.7,19.96,19.36,19.75,19.71,"21,74,44,000",
"Jul 30, 2021",19.42,19.63,19.26,19.5,19.46,"18,34,97,000",
"Jul 29, 2021",19.52,19.85,19.33,19.66,19.62,"19,07,81,000",
"Jul 28, 2021",19.32,19.65,19,19.5,19.46,"20,21,91,000",
"Jul 27, 2021",19.26,19.62,18.74,19.21,19.17,"24,88,63,000",
"Jul 26, 2021",19.31,19.44,18.91,19.29,19.25,"20,39,43,000",
"Jul 23, 2021",19.66,19.7,19.25,19.56,19.51,"19,56,72,000",
"Jul 22, 2021",19.64,19.89,19.28,19.59,19.55,"32,38,26,000",
"Jul 21, 2021",18.88,19.53,18.74,19.41,19.37,"37,10,17,000",
"Jul 20, 2021",04:01,,,,,,
"Jul 20, 2021",18.73,18.84,18.16,18.61,18.57,"43,46,87,000",
"Jul 19, 2021",17.92,19.04,17.87,18.78,18.74,"74,90,60,000",
"Jul 16, 2021",19.03,19.16,18.07,18.16,18.12,"68,82,24,000",
"Jul 15, 2021",19.81,19.85,18.86,18.97,18.92,"55,05,64,000",
"Jul 14, 2021",20.36,20.42,19.75,19.84,19.8,"38,01,00,000",
"Jul 13, 2021",20.4,20.46,20.11,20.25,20.2,"29,07,08,000",
"Jul 12, 2021",20.24,20.53,20.19,20.51,20.47,"32,19,84,000",
"Jul 9, 2021",19.96,20.08,19.75,20.05,20.01,"29,66,24,000",
"Jul 8, 2021",19.86,20.13,19.7,19.9,19.86,"50,33,00,000",
"Jul 7, 2021",20.85,20.88,20.33,20.37,20.33,"41,84,28,000",
"Jul 6, 2021",20.74,20.84,20.35,20.7,20.65,"44,67,08,000",
"Jul 2, 2021",20.44,20.51,20.29,20.49,20.44,"34,27,64,000",
"Jul 1, 2021",20.13,20.46,20.02,20.21,20.17,"48,01,36,000",
"Jun 30, 2021",20,20.16,19.86,20,19.96,"32,65,68,000",
"Jun 29, 2021",19.88,20.1,19.66,20.03,19.98,"36,76,32,000",
"Jun 28, 2021",19.36,20.08,19.32,19.99,19.94,"49,54,36,000",
"Jun 25, 2021",19.28,19.35,18.89,19.03,18.99,"27,83,64,000",
"Jun 24, 2021",19.23,19.42,19.09,19.21,19.16,"32,09,24,000",
"Jun 23, 2021",19.01,19.15,18.91,19.06,19.01,"33,23,56,000",
"Jun 22, 2021",18.47,18.96,18.39,18.89,18.84,"58,01,44,000",
"Jun 21, 2021",18.44,18.54,17.82,18.43,18.39,"67,23,84,000",
"Jun 18, 2021",18.78,19.38,18.58,18.64,18.6,"96,88,56,000",
"Jun 17, 2021",17.77,18.83,17.76,18.66,18.62,"80,96,56,000",
"Jun 16, 2021",17.79,17.95,17.58,17.81,17.77,"30,71,24,000",
"Jun 15, 2021",17.92,18.02,17.73,17.79,17.75,"24,30,32,000",
"Jun 14, 2021",17.91,18.04,17.66,18.02,17.98,"32,13,76,000",
"Jun 11, 2021",17.48,17.94,17.44,17.83,17.79,"41,63,08,000",
"Jun 10, 2021",17.35,17.49,17.18,17.42,17.39,"28,77,72,000",
"Jun 9, 2021",0.004,,,,,,
"Jun 9, 2021",17.52,17.58,17.26,17.36,17.32,"38,16,56,000",
"Jun 8, 2021",17.53,17.62,17.25,17.46,17.41,"32,38,48,000",
"Jun 7, 2021",17.57,17.81,17.19,17.62,17.58,"57,57,56,000",
"Jun 4, 2021",17.11,17.66,17.1,17.58,17.54,"61,71,20,000",
"Jun 3, 2021",16.7,17.26,16.58,16.97,16.93,"58,00,08,000",
"Jun 2, 2021",16.25,16.92,16.24,16.78,16.74,"59,41,68,000",
"Jun 1, 2021",16.27,16.39,15.9,16.26,16.22,"47,28,04,000",
"May 28, 2021",15.5,16.28,15.5,16.24,16.2,"64,45,36,000",
"May 27, 2021",15.7,15.75,15.46,15.49,15.45,"58,14,76,000",
"May 26, 2021",15.73,15.79,15.59,15.7,15.66,"37,04,40,000",
"May 25, 2021",15.77,15.82,15.48,15.65,15.61,"43,54,08,000",
"May 24, 2021",15.21,15.74,15.18,15.61,15.57,"55,48,16,000",
"May 21, 2021",15.16,15.22,14.87,14.99,14.95,"67,29,92,000",
"May 20, 2021",14.3,14.68,14.27,14.61,14.58,"32,15,92,000",
"May 19, 2021",13.57,14.08,13.54,14.07,14.03,"34,40,00,000",
"May 18, 2021",14.27,14.4,14,14.02,13.98,"18,62,56,000",
"May 17, 2021",14.16,14.17,13.85,14.17,14.13,"21,69,80,000",
"May 14, 2021",13.89,14.33,13.75,14.24,14.21,"25,86,16,000",
"May 13, 2021",14.03,14.08,13.46,13.67,13.63,"28,54,04,000",
"May 12, 2021",14.01,14.26,13.71,13.76,13.72,"30,34,08,000",
"May 11, 2021",13.82,14.35,13.75,14.31,14.27,"28,55,84,000",
"May 10, 2021",14.79,14.81,14.25,14.27,14.23,"26,89,04,000",
"May 7, 2021",14.81,14.97,14.67,14.81,14.78,"22,93,28,000",
"May 6, 2021",14.5,14.57,14.22,14.52,14.49,"19,33,80,000",
"May 5, 2021",14.71,14.81,14.39,14.46,14.42,"29,20,24,000",
"May 4, 2021",14.64,14.64,14.01,14.35,14.32,"40,53,24,000",
"May 3, 2021",15.13,15.25,14.79,14.84,14.8,"20,39,12,000",
"Apr 30, 2021",15.17,15.36,15,15.01,14.97,"20,19,12,000",
"Apr 29, 2021",15.4,15.44,15.07,15.32,15.29,"17,31,96,000",
"Apr 28, 2021",15.36,15.53,15.22,15.28,15.24,"20,94,16,000",
"Apr 27, 2021",15.58,15.67,15.35,15.38,15.34,"16,45,72,000",
"Apr 26, 2021",15.19,15.48,15.13,15.48,15.44,"19,77,96,000",
"Apr 23, 2021",14.93,15.34,14.9,15.27,15.23,"22,75,00,000",
"Apr 22, 2021",15.38,15.44,14.78,14.85,14.81,"27,77,88,000",
"Apr 21, 2021",15.12,15.36,15.1,15.36,15.32,"21,67,76,000",
"Apr 20, 2021",15.32,15.5,14.96,15.17,15.13,"33,41,32,000",
"Apr 19, 2021",15.54,15.81,15.23,15.36,15.32,"40,44,20,000",
"Apr 16, 2021",16.05,16.17,15.87,15.91,15.87,"33,52,08,000",
"Apr 15, 2021",15.66,16.21,15.63,16.14,16.1,"59,84,80,000",
"Apr 14, 2021",15.63,15.72,15.23,15.28,15.24,"38,55,00,000",
"Apr 13, 2021",15.23,15.7,15.13,15.68,15.64,"67,62,12,000",
"Apr 12, 2021",14.29,15.35,14.14,15.21,15.17,"86,93,24,000",
"Apr 9, 2021",14.21,14.41,14.18,14.4,14.36,"19,51,72,000",
"Apr 8, 2021",14.25,14.47,14.25,14.32,14.28,"24,44,16,000",
"Apr 7, 2021",13.88,14.24,13.71,14.14,14.11,"25,12,84,000",
"Apr 6, 2021",14,14.05,13.77,13.86,13.83,"19,17,44,000",
"Apr 5, 2021",13.87,14.01,13.73,13.99,13.95,"25,56,72,000",
"Apr 1, 2021",13.57,13.87,13.51,13.81,13.78,"30,82,76,000",
"Mar 31, 2021",13.02,13.47,12.98,13.35,13.32,"31,47,76,000",
"Mar 30, 2021",12.84,12.98,12.7,12.87,12.84,"20,02,04,000",
"Mar 29, 2021",12.82,13.06,12.7,12.95,12.92,"27,35,20,000",
"Mar 26, 2021",12.55,12.86,12.37,12.84,12.81,"36,39,68,000",
"Mar 25, 2021",12.5,12.71,12.27,12.54,12.5,"29,51,44,000",
"Mar 24, 2021",13.15,13.16,12.64,12.64,12.61,"24,58,40,000",
"Mar 23, 2021",13.25,13.34,13.02,13.07,13.04,"22,20,48,000",
"Mar 22, 2021",12.91,13.39,12.91,13.19,13.15,"29,78,04,000",
"Mar 19, 2021",12.75,12.92,12.61,12.85,12.81,"29,92,08,000",
"Mar 18, 2021",13.14,13.18,12.72,12.72,12.69,"29,38,96,000",
"Mar 17, 2021",13.04,13.45,12.99,13.34,13.31,"24,38,64,000",
"Mar 16, 2021",13.36,13.51,13.12,13.29,13.26,"27,21,28,000",
"Mar 15, 2021",12.86,13.21,12.77,13.19,13.16,"22,19,88,000",
"Mar 12, 2021",12.65,12.89,12.59,12.86,12.82,"24,39,64,000",
"Mar 11, 2021",12.95,13.05,12.73,12.99,12.96,"29,99,16,000",
"Mar 10, 2021",12.84,12.98,12.46,12.47,12.44,"38,43,76,000",
"Mar 9, 2021",0.004,,,,,,
"Mar 9, 2021",12.13,12.62,12.06,12.52,12.49,"52,18,24,000",
"Mar 8, 2021",12.45,12.47,11.57,11.59,11.56,"54,31,12,000",
"Mar 5, 2021",12.55,12.55,11.68,12.46,12.43,"54,28,40,000",
"Mar 4, 2021",12.8,12.98,12.08,12.37,12.34,"57,33,44,000",
"Mar 3, 2021",13.43,13.45,12.8,12.8,12.77,"37,75,92,000",
"Mar 2, 2021",13.9,13.92,13.4,13.41,13.37,"26,41,16,000",
"Mar 1, 2021",13.88,13.93,13.55,13.84,13.8,"35,31,84,000",
"Feb 26, 2021",13.75,13.85,13.36,13.71,13.68,"50,09,32,000",
"Feb 25, 2021",14.05,14.37,13.22,13.31,13.27,"82,44,36,000",
"Feb 24, 2021",14.12,14.51,13.76,14.5,14.46,"44,83,20,000",
"Feb 23, 2021",14.08,14.24,13.39,14.14,14.1,"39,17,80,000",
"Feb 22, 2021",14.77,15.13,14.32,14.36,14.32,"32,58,84,000",
"Feb 19, 2021",15.02,15.18,14.85,14.93,14.88,"27,17,24,000",
"Feb 18, 2021",14.73,14.87,14.57,14.83,14.79,"23,38,68,000",
"Feb 17, 2021",15.17,15.22,14.78,14.91,14.86,"27,47,56,000",
"Feb 16, 2021",15.06,15.37,14.95,15.33,15.29,"32,19,60,000",
"Feb 12, 2021",15.05,15.29,14.77,14.96,14.92,"37,47,56,000",
"Feb 11, 2021",14.98,15.27,14.93,15.25,15.21,"45,08,28,000",
"Feb 10, 2021",14.46,14.9,14.34,14.76,14.72,"48,53,52,000",
"Feb 9, 2021",14.34,14.58,14.22,14.26,14.22,"28,75,60,000",
"Feb 8, 2021",13.73,14.47,13.73,14.44,14.4,"43,46,24,000",
"Feb 5, 2021",13.73,13.74,13.55,13.59,13.55,"16,91,52,000",
"Feb 4, 2021",13.53,13.67,13.34,13.66,13.63,"20,13,40,000",
"Feb 3, 2021",13.64,13.93,13.52,13.53,13.49,"24,54,08,000",
"Feb 2, 2021",13.4,13.57,13.29,13.56,13.52,"22,04,40,000",
"Feb 1, 2021",13.05,13.27,12.9,13.24,13.2,"21,72,04,000",
